Spotify URI,Voter ID,Created,Points Assigned,Comment,Round ID
spotify:track:3cZajhyr8LmtPfHZ9296tj,ce3c42e513a049bbb5fe55cfa5b73111,2026-08-31T20:17:45Z,1,,58d03d3c2cda41cf854bb0be34456ff0
spotify:track:4LVDnRxfljiEerC26z3JW4,ce3c42e513a049bbb5fe55cfa5b73111,2026-08-31T20:17:45Z,1,,58d03d3c2cda41cf854bb0be34456ff0
spotify:track:4wH4dJgrsxONID6KS2tDQM,ce3c42e513a049bbb5fe55cfa5b73111,2026-08-31T20:17:45Z,1,,58d03d3c2cda41cf854bb0be34456ff0
spotify:track:4xkOaSrkexMciUUogZKVTS,ce3c42e513a049bbb5fe55cfa5b73111,2026-08-31T20:17:45Z,1,,58d03d3c2cda41cf854bb0be34456ff0
spotify:track:5UqCQaDshqbIk3pkhy4Pjg,ce3c42e513a049bbb5fe55cfa5b73111,2026-08-31T20:17:45Z,1,,58d03d3c2cda41cf854bb0be34456ff0
spotify:track:6KgBpzTuTRPebChN0VTyzV,ce3c42e513a049bbb5fe55cfa5b73111,2026-08-31T20:17:45Z,1,,58d03d3c2cda41cf854bb0be34456ff0
spotify:track:2ygMBIctKIAfbEBcT9065L,5d65669cbe4a4fcaadb47fb3ebbf2155,2026-08-31T20:29:48Z,2,,58d03d3c2cda41cf854bb0be34456ff0
spotify:track:3cZajhyr8LmtPfHZ9296tj,5d65669cbe4a4fcaadb47fb3ebbf2155,2026-08-31T20:29:48Z,1,,58d03d3c2cda41cf854bb0be34456ff0
spotify:track:3KliPMvk1EvFZu9cvkj8p1,5d65669cbe4a4fcaadb47fb3ebbf2155,2026-08-31T20:29:48Z,3,,58d03d3c2cda41cf854bb0be34456ff0
spotify:track:0kosUz0jePvjiz4ctmR6wL,0cd5052e0f0a4e8fbce7e36e9d69e173,2026-08-31T20:44:14Z,1,,58d03d3c2cda41cf854bb0be34456ff0
spotify:track:1Lo0QY9cvc8sUB2vnIOxDT,0cd5052e0f0a4e8fbce7e36e9d69e173,2026-08-31T20:44:14Z,1,,58d03d3c2cda41cf854bb0be34456ff0
spotify:track:2HHtWyy5CgaQbC7XSoOb0e,0cd5052e0f0a4e8fbce7e36e9d69e173,2026-08-31T20:44:14Z,1,,58d03d3c2cda41cf854bb0be34456ff0
spotify:track:3mRM4NM8iO7UBqrSigCQFH,0cd5052e0f0a4e8fbce7e36e9d69e173,2026-08-31T20:44:14Z,1,,58d03d3c2cda41cf854bb0be34456ff0
spotify:track:5UqCQaDshqbIk3pkhy4Pjg,0cd5052e0f0a4e8fbce7e36e9d69e173,2026-08-31T20:44:14Z,1,,58d03d3c2cda41cf854bb0be34456ff0
spotify:track:6KgBpzTuTRPebChN0VTyzV,0cd5052e0f0a4e8fbce7e36e9d69e173,2026-08-31T20:44:14Z,1,,58d03d3c2cda41cf854bb0be34456ff0
spotify:track:0Y1MWB026LYxGvhq4EcMiC,7febabde978e4b25b33f1b3c4ce070a4,2026-08-31T21:02:29Z,1,,58d03d3c2cda41cf854bb0be34456ff0
spotify:track:1gihuPhrLraKYrJMAEONyc,7febabde978e4b25b33f1b3c4ce070a4,2026-08-31T21:02:29Z,1,,58d03d3c2cda41cf854bb0be34456ff0
spotify:track:2ygMBIctKIAfbEBcT9065L,7febabde978e4b25b33f1b3c4ce070a4,2026-08-31T21:02:29Z,1,,58d03d3c2cda41cf854bb0be34456ff0
spotify:track:5EA7UNBqezqvJHKHxHRdz4,7febabde978e4b25b33f1b3c4ce070a4,2026-08-31T21:02:29Z,1,,58d03d3c2cda41cf854bb0be34456ff0
spotify:track:6WGeW1Ooa2dndzIGwXCVFW,7febabde978e4b25b33f1b3c4ce070a4,2026-08-31T21:02:29Z,1,,58d03d3c2cda41cf854bb0be34456ff0
spotify:track:7cv28LXcjAC3GsXbUvXKbX,7febabde978e4b25b33f1b3c4ce070a4,2026-08-31T21:02:29Z,1,,58d03d3c2cda41cf854bb0be34456ff0
spotify:track:1MQTmpYOZ6fcMQc56Hdo7T,913b7d1f8c384fa8809d2f72f4bac744,2026-08-31T23:13:18Z,3,,58d03d3c2cda41cf854bb0be34456ff0
spotify:track:1ofhfV90EnYhEr7Un2fWiv,913b7d1f8c384fa8809d2f72f4bac744,2026-08-31T23:13:18Z,1,Appreciate the restraint required to not submit Hit Em Up,58d03d3c2cda41cf854bb0be34456ff0
spotify:track:3coRPMnFg2dJcPu5RMloa9,913b7d1f8c384fa8809d2f72f4bac744,2026-08-31T23:13:18Z,2,The aural equivalent of an instructor with a headset microphone telling the class to pedal faster,58d03d3c2cda41cf854bb0be34456ff0
spotify:track:1gihuPhrLraKYrJMAEONyc,ed4fd10ef61340839f0872b7cc1f2d90,2026-08-31T23:40:21Z,1,,58d03d3c2cda41cf854bb0be34456ff0
spotify:track:1MQTmpYOZ6fcMQc56Hdo7T,ed4fd10ef61340839f0872b7cc1f2d90,2026-08-31T23:40:21Z,1,,58d03d3c2cda41cf854bb0be34456ff0
spotify:track:1ofhfV90EnYhEr7Un2fWiv,ed4fd10ef61340839f0872b7cc1f2d90,2026-08-31T23:40:21Z,1,,58d03d3c2cda41cf854bb0be34456ff0
spotify:track:2ygMBIctKIAfbEBcT9065L,ed4fd10ef61340839f0872b7cc1f2d90,2026-08-31T23:40:21Z,1,,58d03d3c2cda41cf854bb0be34456ff0
spotify:track:44DCjBHfvn5s6ZfLHpKmBi,ed4fd10ef61340839f0872b7cc1f2d90,2026-08-31T23:40:21Z,1,,58d03d3c2cda41cf854bb0be34456ff0
spotify:track:4xkOaSrkexMciUUogZKVTS,ed4fd10ef61340839f0872b7cc1f2d90,2026-08-31T23:40:21Z,1,,58d03d3c2cda41cf854bb0be34456ff0
spotify:track:0Y1MWB026LYxGvhq4EcMiC,a72c861d0c7e4d1da56fde1beb2b0571,2026-09-01T00:03:00Z,1,,58d03d3c2cda41cf854bb0be34456ff0
spotify:track:3KliPMvk1EvFZu9cvkj8p1,a72c861d0c7e4d1da56fde1beb2b0571,2026-09-01T00:03:00Z,1,,58d03d3c2cda41cf854bb0be34456ff0
spotify:track:3s8g8yM5RxMAckOtPWzssB,a72c861d0c7e4d1da56fde1beb2b0571,2026-09-01T00:03:00Z,2,,58d03d3c2cda41cf854bb0be34456ff0
spotify:track:4wH4dJgrsxONID6KS2tDQM,a72c861d0c7e4d1da56fde1beb2b0571,2026-09-01T00:03:00Z,1,,58d03d3c2cda41cf854bb0be34456ff0
spotify:track:6VRhkROS2SZHGlp0pxndbJ,a72c861d0c7e4d1da56fde1beb2b0571,2026-09-01T00:03:00Z,1,,58d03d3c2cda41cf854bb0be34456ff0
spotify:track:0kosUz0jePvjiz4ctmR6wL,383a348e97c84dfbbc3169ca98067699,2026-09-01T00:50:36Z,1,,58d03d3c2cda41cf854bb0be34456ff0
spotify:track:0Y1MWB026LYxGvhq4EcMiC,383a348e97c84dfbbc3169ca98067699,2026-09-01T00:50:36Z,1,,58d03d3c2cda41cf854bb0be34456ff0
spotify:track:1Lo0QY9cvc8sUB2vnIOxDT,383a348e97c84dfbbc3169ca98067699,2026-09-01T00:50:36Z,1,,58d03d3c2cda41cf854bb0be34456ff0
spotify:track:3mRM4NM8iO7UBqrSigCQFH,383a348e97c84dfbbc3169ca98067699,2026-09-01T00:50:36Z,1,,58d03d3c2cda41cf854bb0be34456ff0
spotify:track:53AuxddsgPSlqM619nJhSd,383a348e97c84dfbbc3169ca98067699,2026-09-01T00:50:36Z,1,,58d03d3c2cda41cf854bb0be34456ff0
spotify:track:70wYA8oYHoMzhRRkARoMhU,383a348e97c84dfbbc3169ca98067699,2026-09-01T00:50:36Z,1,,58d03d3c2cda41cf854bb0be34456ff0
spotify:track:2HHtWyy5CgaQbC7XSoOb0e,3fca1344c8ea4df3aef395c9a840f591,2026-09-01T14:15:18Z,1,,58d03d3c2cda41cf854bb0be34456ff0
spotify:track:3bIF9Iee2Xmt8dQ71pUPGF,3fca1344c8ea4df3aef395c9a840f591,2026-09-01T14:15:18Z,1,,58d03d3c2cda41cf854bb0be34456ff0
spotify:track:3cZajhyr8LmtPfHZ9296tj,3fca1344c8ea4df3aef395c9a840f591,2026-09-01T14:15:18Z,1,,58d03d3c2cda41cf854bb0be34456ff0
spotify:track:3KliPMvk1EvFZu9cvkj8p1,3fca1344c8ea4df3aef395c9a840f591,2026-09-01T14:15:18Z,1,,58d03d3c2cda41cf854bb0be34456ff0
spotify:track:4LVDnRxfljiEerC26z3JW4,3fca1344c8ea4df3aef395c9a840f591,2026-09-01T14:15:18Z,1,,58d03d3c2cda41cf854bb0be34456ff0
spotify:track:4xkOaSrkexMciUUogZKVTS,3fca1344c8ea4df3aef395c9a840f591,2026-09-01T14:15:18Z,1,,58d03d3c2cda41cf854bb0be34456ff0
spotify:track:1gihuPhrLraKYrJMAEONyc,6afc77567dc5471f9b4d35dd7d5aada2,2026-09-01T15:15:07Z,1,,58d03d3c2cda41cf854bb0be34456ff0
spotify:track:3bIF9Iee2Xmt8dQ71pUPGF,6afc77567dc5471f9b4d35dd7d5aada2,2026-09-01T15:15:07Z,1,,58d03d3c2cda41cf854bb0be34456ff0
spotify:track:3s8g8yM5RxMAckOtPWzssB,6afc77567dc5471f9b4d35dd7d5aada2,2026-09-01T15:15:07Z,1,,58d03d3c2cda41cf854bb0be34456ff0
spotify:track:4LVDnRxfljiEerC26z3JW4,6afc77567dc5471f9b4d35dd7d5aada2,2026-09-01T15:15:07Z,1,,58d03d3c2cda41cf854bb0be34456ff0
spotify:track:5EA7UNBqezqvJHKHxHRdz4,6afc77567dc5471f9b4d35dd7d5aada2,2026-09-01T15:15:07Z,1,,58d03d3c2cda41cf854bb0be34456ff0
spotify:track:5UqCQaDshqbIk3pkhy4Pjg,6afc77567dc5471f9b4d35dd7d5aada2,2026-09-01T15:15:07Z,1,,58d03d3c2cda41cf854bb0be34456ff0
spotify:track:2HHtWyy5CgaQbC7XSoOb0e,bb05308ddb1c492ea743079835c5b788,2026-09-01T20:16:15Z,1,,58d03d3c2cda41cf854bb0be34456ff0
spotify:track:2ygMBIctKIAfbEBcT9065L,bb05308ddb1c492ea743079835c5b788,2026-09-01T20:16:15Z,2,,58d03d3c2cda41cf854bb0be34456ff0
spotify:track:3cZajhyr8LmtPfHZ9296tj,bb05308ddb1c492ea743079835c5b788,2026-09-01T20:16:15Z,1,,58d03d3c2cda41cf854bb0be34456ff0
spotify:track:3mRM4NM8iO7UBqrSigCQFH,bb05308ddb1c492ea743079835c5b788,2026-09-01T20:16:15Z,1,,58d03d3c2cda41cf854bb0be34456ff0
spotify:track:4LVDnRxfljiEerC26z3JW4,bb05308ddb1c492ea743079835c5b788,2026-09-01T20:16:15Z,1,,58d03d3c2cda41cf854bb0be34456ff0
spotify:track:0GLUBbX4daHJkT3RQHEOia,98ac3bad53394f2e96460de78cfd5bff,2026-09-01T22:47:26Z,1,,58d03d3c2cda41cf854bb0be34456ff0
spotify:track:2ygMBIctKIAfbEBcT9065L,98ac3bad53394f2e96460de78cfd5bff,2026-09-01T22:47:26Z,1,,58d03d3c2cda41cf854bb0be34456ff0
spotify:track:3cZajhyr8LmtPfHZ9296tj,98ac3bad53394f2e96460de78cfd5bff,2026-09-01T22:47:26Z,1,,58d03d3c2cda41cf854bb0be34456ff0
spotify:track:3mRM4NM8iO7UBqrSigCQFH,98ac3bad53394f2e96460de78cfd5bff,2026-09-01T22:47:26Z,1,,58d03d3c2cda41cf854bb0be34456ff0
spotify:track:4wH4dJgrsxONID6KS2tDQM,98ac3bad53394f2e96460de78cfd5bff,2026-09-01T22:47:26Z,1,,58d03d3c2cda41cf854bb0be34456ff0
spotify:track:5UqCQaDshqbIk3pkhy4Pjg,98ac3bad53394f2e96460de78cfd5bff,2026-09-01T22:47:26Z,1,,58d03d3c2cda41cf854bb0be34456ff0
spotify:track:1BwhFXqoIsePt21WyWIttb,28f76d43a10844d7976d955087af964e,2026-09-02T00:53:20Z,1,,58d03d3c2cda41cf854bb0be34456ff0
spotify:track:1ofhfV90EnYhEr7Un2fWiv,28f76d43a10844d7976d955087af964e,2026-09-02T00:53:20Z,1,,58d03d3c2cda41cf854bb0be34456ff0
spotify:track:3bIF9Iee2Xmt8dQ71pUPGF,28f76d43a10844d7976d955087af964e,2026-09-02T00:53:20Z,1,,58d03d3c2cda41cf854bb0be34456ff0
spotify:track:3cZajhyr8LmtPfHZ9296tj,28f76d43a10844d7976d955087af964e,2026-09-02T00:53:20Z,1,,58d03d3c2cda41cf854bb0be34456ff0
spotify:track:3s8g8yM5RxMAckOtPWzssB,28f76d43a10844d7976d955087af964e,2026-09-02T00:53:20Z,1,,58d03d3c2cda41cf854bb0be34456ff0
spotify:track:4wteGC0HtLeZWjDcczc4Pw,28f76d43a10844d7976d955087af964e,2026-09-02T00:53:20Z,1,,58d03d3c2cda41cf854bb0be34456ff0
spotify:track:0GLUBbX4daHJkT3RQHEOia,d7fc034cdd4f4f00adfeb0cfe0718e55,2026-09-02T03:00:06Z,1,,58d03d3c2cda41cf854bb0be34456ff0
spotify:track:1gihuPhrLraKYrJMAEONyc,d7fc034cdd4f4f00adfeb0cfe0718e55,2026-09-02T03:00:06Z,1,,58d03d3c2cda41cf854bb0be34456ff0
spotify:track:2ygMBIctKIAfbEBcT9065L,d7fc034cdd4f4f00adfeb0cfe0718e55,2026-09-02T03:00:06Z,1,,58d03d3c2cda41cf854bb0be34456ff0
spotify:track:3bIF9Iee2Xmt8dQ71pUPGF,d7fc034cdd4f4f00adfeb0cfe0718e55,2026-09-02T03:00:06Z,1,,58d03d3c2cda41cf854bb0be34456ff0
spotify:track:3cZajhyr8LmtPfHZ9296tj,d7fc034cdd4f4f00adfeb0cfe0718e55,2026-09-02T03:00:06Z,1,,58d03d3c2cda41cf854bb0be34456ff0
spotify:track:4wH4dJgrsxONID6KS2tDQM,d7fc034cdd4f4f00adfeb0cfe0718e55,2026-09-02T03:00:06Z,1,,58d03d3c2cda41cf854bb0be34456ff0
spotify:track:1gihuPhrLraKYrJMAEONyc,dc613e44e9b3492b86d9353ee09ecec1,2026-09-02T11:35:22Z,1,,58d03d3c2cda41cf854bb0be34456ff0
spotify:track:3cZajhyr8LmtPfHZ9296tj,dc613e44e9b3492b86d9353ee09ecec1,2026-09-02T11:35:22Z,1,,58d03d3c2cda41cf854bb0be34456ff0
spotify:track:3KliPMvk1EvFZu9cvkj8p1,dc613e44e9b3492b86d9353ee09ecec1,2026-09-02T11:35:22Z,1,,58d03d3c2cda41cf854bb0be34456ff0
spotify:track:44DCjBHfvn5s6ZfLHpKmBi,dc613e44e9b3492b86d9353ee09ecec1,2026-09-02T11:35:22Z,1,,58d03d3c2cda41cf854bb0be34456ff0
spotify:track:4wH4dJgrsxONID6KS2tDQM,dc613e44e9b3492b86d9353ee09ecec1,2026-09-02T11:35:22Z,1,,58d03d3c2cda41cf854bb0be34456ff0
spotify:track:6VRhkROS2SZHGlp0pxndbJ,dc613e44e9b3492b86d9353ee09ecec1,2026-09-02T11:35:22Z,1,,58d03d3c2cda41cf854bb0be34456ff0
spotify:track:0kosUz0jePvjiz4ctmR6wL,545b798c57364c278826c2847d610a2e,2026-09-02T13:18:34Z,1,,58d03d3c2cda41cf854bb0be34456ff0
spotify:track:1BwhFXqoIsePt21WyWIttb,545b798c57364c278826c2847d610a2e,2026-09-02T13:18:34Z,2,New hyperfixation song,58d03d3c2cda41cf854bb0be34456ff0
spotify:track:3HQcsqRjRdruUjkbDSgmVF,545b798c57364c278826c2847d610a2e,2026-09-02T13:18:34Z,1,,58d03d3c2cda41cf854bb0be34456ff0
spotify:track:3mRM4NM8iO7UBqrSigCQFH,545b798c57364c278826c2847d610a2e,2026-09-02T13:18:34Z,1,,58d03d3c2cda41cf854bb0be34456ff0
spotify:track:7cv28LXcjAC3GsXbUvXKbX,545b798c57364c278826c2847d610a2e,2026-09-02T13:18:34Z,1,,58d03d3c2cda41cf854bb0be34456ff0
spotify:track:3bIF9Iee2Xmt8dQ71pUPGF,833da065c575491d9e6dc592364c6eac,2026-09-02T15:04:16Z,3,,58d03d3c2cda41cf854bb0be34456ff0
spotify:track:44wXefe8WB9Fd6xwtmAwbR,833da065c575491d9e6dc592364c6eac,2026-09-02T15:04:16Z,1,,58d03d3c2cda41cf854bb0be34456ff0
spotify:track:53AuxddsgPSlqM619nJhSd,833da065c575491d9e6dc592364c6eac,2026-09-02T15:04:16Z,2,,58d03d3c2cda41cf854bb0be34456ff0
spotify:track:1gihuPhrLraKYrJMAEONyc,708285d89baf4ff094731436003a4bf2,2026-09-02T17:05:07Z,1,,58d03d3c2cda41cf854bb0be34456ff0
spotify:track:3bIF9Iee2Xmt8dQ71pUPGF,708285d89baf4ff094731436003a4bf2,2026-09-02T17:05:07Z,1,,58d03d3c2cda41cf854bb0be34456ff0
spotify:track:4LVDnRxfljiEerC26z3JW4,708285d89baf4ff094731436003a4bf2,2026-09-02T17:05:07Z,1,,58d03d3c2cda41cf854bb0be34456ff0
spotify:track:4wH4dJgrsxONID6KS2tDQM,708285d89baf4ff094731436003a4bf2,2026-09-02T17:05:07Z,1,,58d03d3c2cda41cf854bb0be34456ff0
spotify:track:4xkOaSrkexMciUUogZKVTS,708285d89baf4ff094731436003a4bf2,2026-09-02T17:05:07Z,1,This was my go to pump up song before high school soccer games lol,58d03d3c2cda41cf854bb0be34456ff0
spotify:track:5UqCQaDshqbIk3pkhy4Pjg,708285d89baf4ff094731436003a4bf2,2026-09-02T17:05:07Z,1,rip avicii <3,58d03d3c2cda41cf854bb0be34456ff0
spotify:track:0onJhWTvfPCb5F7gUT3VPA,a8d1615e794348c3b4c3bb71da0ed65e,2026-09-02T18:53:30Z,2,This was a shocker for me. A sleeper that switched gears and pulled me in. ,58d03d3c2cda41cf854bb0be34456ff0
spotify:track:2ygMBIctKIAfbEBcT9065L,a8d1615e794348c3b4c3bb71da0ed65e,2026-09-02T18:53:30Z,1,,58d03d3c2cda41cf854bb0be34456ff0
spotify:track:4wH4dJgrsxONID6KS2tDQM,a8d1615e794348c3b4c3bb71da0ed65e,2026-09-02T18:53:30Z,1,Could be great for a run or with weights. ,58d03d3c2cda41cf854bb0be34456ff0
spotify:track:53AuxddsgPSlqM619nJhSd,a8d1615e794348c3b4c3bb71da0ed65e,2026-09-02T18:53:30Z,2,The ENERGY got me through the end of a hilly run. ,58d03d3c2cda41cf854bb0be34456ff0
spotify:track:5UqCQaDshqbIk3pkhy4Pjg,a8d1615e794348c3b4c3bb71da0ed65e,2026-09-02T18:53:30Z,0,One of my faves for a spin class. ,58d03d3c2cda41cf854bb0be34456ff0
spotify:track:0onJhWTvfPCb5F7gUT3VPA,f1623ebc5b244ed2950c5cc6376f7ad3,2026-09-02T18:58:23Z,3,,58d03d3c2cda41cf854bb0be34456ff0
spotify:track:1Lo0QY9cvc8sUB2vnIOxDT,f1623ebc5b244ed2950c5cc6376f7ad3,2026-09-02T18:58:23Z,1,,58d03d3c2cda41cf854bb0be34456ff0
spotify:track:1ofhfV90EnYhEr7Un2fWiv,f1623ebc5b244ed2950c5cc6376f7ad3,2026-09-02T18:58:23Z,1,,58d03d3c2cda41cf854bb0be34456ff0
spotify:track:53AuxddsgPSlqM619nJhSd,f1623ebc5b244ed2950c5cc6376f7ad3,2026-09-02T18:58:23Z,1,,58d03d3c2cda41cf854bb0be34456ff0
spotify:track:1gihuPhrLraKYrJMAEONyc,d48ed6f1619c4de099fff6b4158b3da7,2026-09-02T23:10:05Z,1,,58d03d3c2cda41cf854bb0be34456ff0
spotify:track:3coRPMnFg2dJcPu5RMloa9,d48ed6f1619c4de099fff6b4158b3da7,2026-09-02T23:10:05Z,1,,58d03d3c2cda41cf854bb0be34456ff0
spotify:track:3KliPMvk1EvFZu9cvkj8p1,d48ed6f1619c4de099fff6b4158b3da7,2026-09-02T23:10:05Z,1,,58d03d3c2cda41cf854bb0be34456ff0
spotify:track:4wH4dJgrsxONID6KS2tDQM,d48ed6f1619c4de099fff6b4158b3da7,2026-09-02T23:10:05Z,1,,58d03d3c2cda41cf854bb0be34456ff0
spotify:track:5UqCQaDshqbIk3pkhy4Pjg,d48ed6f1619c4de099fff6b4158b3da7,2026-09-02T23:10:05Z,1,,58d03d3c2cda41cf854bb0be34456ff0
spotify:track:6jF1nHIMESqft9p33tQYPn,d48ed6f1619c4de099fff6b4158b3da7,2026-09-02T23:10:05Z,1,,58d03d3c2cda41cf854bb0be34456ff0
spotify:track:1gihuPhrLraKYrJMAEONyc,bd72e5a1559748218511b4d60247bbb4,2026-09-03T01:46:41Z,1,,58d03d3c2cda41cf854bb0be34456ff0
spotify:track:3coRPMnFg2dJcPu5RMloa9,bd72e5a1559748218511b4d60247bbb4,2026-09-03T01:46:41Z,1,"haven't heard this group before, love it!",58d03d3c2cda41cf854bb0be34456ff0
spotify:track:3cZajhyr8LmtPfHZ9296tj,bd72e5a1559748218511b4d60247bbb4,2026-09-03T01:46:41Z,1,,58d03d3c2cda41cf854bb0be34456ff0
spotify:track:5UqCQaDshqbIk3pkhy4Pjg,bd72e5a1559748218511b4d60247bbb4,2026-09-03T01:46:41Z,1,,58d03d3c2cda41cf854bb0be34456ff0
spotify:track:6VRhkROS2SZHGlp0pxndbJ,bd72e5a1559748218511b4d60247bbb4,2026-09-03T01:46:41Z,1,,58d03d3c2cda41cf854bb0be34456ff0
spotify:track:70wYA8oYHoMzhRRkARoMhU,bd72e5a1559748218511b4d60247bbb4,2026-09-03T01:46:41Z,1,,58d03d3c2cda41cf854bb0be34456ff0
spotify:track:0r1KWPxT8hihSCzFwHYXmo,21e63470f218499f8140c964da24800a,2026-09-03T13:16:00Z,0,It didn't earn a point from me this week but if it's any consolation thanks for a new artists recommendation!,58d03d3c2cda41cf854bb0be34456ff0
spotify:track:0Y1MWB026LYxGvhq4EcMiC,21e63470f218499f8140c964da24800a,2026-09-03T13:16:00Z,1,1 point for a song that Harley will jam to.,58d03d3c2cda41cf854bb0be34456ff0
spotify:track:1gihuPhrLraKYrJMAEONyc,21e63470f218499f8140c964da24800a,2026-09-03T13:16:00Z,3,Top spot this week for me. I picked a song that brings me back to my long run playlists from years ago and still holds up today as a great workout song.,58d03d3c2cda41cf854bb0be34456ff0
spotify:track:4xkOaSrkexMciUUogZKVTS,21e63470f218499f8140c964da24800a,2026-09-03T13:16:00Z,0,Does feel like this song was written just for this week's theme. But not one of my top picks this week.,58d03d3c2cda41cf854bb0be34456ff0
spotify:track:6VRhkROS2SZHGlp0pxndbJ,21e63470f218499f8140c964da24800a,2026-09-03T13:16:00Z,2,This was my #2 song from the week. I think it's an objectively good workout song but just not my personal pick from the week.,58d03d3c2cda41cf854bb0be34456ff0
spotify:track:0onJhWTvfPCb5F7gUT3VPA,8fc1dc71014e405da1c76d2fc096a6d6,2026-09-03T15:25:06Z,3,"Surprised how much I enjoyed this, thanks for sharing!",58d03d3c2cda41cf854bb0be34456ff0
spotify:track:0r1KWPxT8hihSCzFwHYXmo,8fc1dc71014e405da1c76d2fc096a6d6,2026-09-03T15:25:06Z,1,,58d03d3c2cda41cf854bb0be34456ff0
spotify:track:3coRPMnFg2dJcPu5RMloa9,8fc1dc71014e405da1c76d2fc096a6d6,2026-09-03T15:25:06Z,2,"Yeah this goes hard, enjoyed it and could see myself getting a pump on with the beat",58d03d3c2cda41cf854bb0be34456ff0
spotify:track:1gihuPhrLraKYrJMAEONyc,82c07b6dae6e444fa2fa1b4663d71b02,2026-09-03T16:26:20Z,1,,58d03d3c2cda41cf854bb0be34456ff0
spotify:track:1MQTmpYOZ6fcMQc56Hdo7T,82c07b6dae6e444fa2fa1b4663d71b02,2026-09-03T16:26:20Z,1,,58d03d3c2cda41cf854bb0be34456ff0
spotify:track:2HHtWyy5CgaQbC7XSoOb0e,82c07b6dae6e444fa2fa1b4663d71b02,2026-09-03T16:26:20Z,1,,58d03d3c2cda41cf854bb0be34456ff0
spotify:track:3bIF9Iee2Xmt8dQ71pUPGF,82c07b6dae6e444fa2fa1b4663d71b02,2026-09-03T16:26:20Z,1,,58d03d3c2cda41cf854bb0be34456ff0
spotify:track:429IbFR4yp2J81CeTwF5iY,82c07b6dae6e444fa2fa1b4663d71b02,2026-09-03T16:26:20Z,1,,58d03d3c2cda41cf854bb0be34456ff0
spotify:track:5UqCQaDshqbIk3pkhy4Pjg,82c07b6dae6e444fa2fa1b4663d71b02,2026-09-03T16:26:20Z,1,,58d03d3c2cda41cf854bb0be34456ff0
spotify:track:0kosUz0jePvjiz4ctmR6wL,8a2a836dc2854be1854b7897949c9d3a,2026-09-03T19:06:18Z,1,,58d03d3c2cda41cf854bb0be34456ff0
spotify:track:2ygMBIctKIAfbEBcT9065L,8a2a836dc2854be1854b7897949c9d3a,2026-09-03T19:06:18Z,1,,58d03d3c2cda41cf854bb0be34456ff0
spotify:track:4LVDnRxfljiEerC26z3JW4,8a2a836dc2854be1854b7897949c9d3a,2026-09-03T19:06:18Z,1,,58d03d3c2cda41cf854bb0be34456ff0
spotify:track:7cv28LXcjAC3GsXbUvXKbX,8a2a836dc2854be1854b7897949c9d3a,2026-09-03T19:06:18Z,1,,58d03d3c2cda41cf854bb0be34456ff0
spotify:track:7gtG45ieyQzKtNKobfLd49,8a2a836dc2854be1854b7897949c9d3a,2026-09-03T19:06:18Z,2,,58d03d3c2cda41cf854bb0be34456ff0
spotify:track:2ygMBIctKIAfbEBcT9065L,39eb585b1675462e87bddfacf8024c73,2026-09-03T19:10:22Z,1,,58d03d3c2cda41cf854bb0be34456ff0
spotify:track:3coRPMnFg2dJcPu5RMloa9,39eb585b1675462e87bddfacf8024c73,2026-09-03T19:10:22Z,1,,58d03d3c2cda41cf854bb0be34456ff0
spotify:track:4wH4dJgrsxONID6KS2tDQM,39eb585b1675462e87bddfacf8024c73,2026-09-03T19:10:22Z,1,,58d03d3c2cda41cf854bb0be34456ff0
spotify:track:4xkOaSrkexMciUUogZKVTS,39eb585b1675462e87bddfacf8024c73,2026-09-03T19:10:22Z,1,,58d03d3c2cda41cf854bb0be34456ff0
spotify:track:5UqCQaDshqbIk3pkhy4Pjg,39eb585b1675462e87bddfacf8024c73,2026-09-03T19:10:22Z,1,,58d03d3c2cda41cf854bb0be34456ff0
spotify:track:6jF1nHIMESqft9p33tQYPn,39eb585b1675462e87bddfacf8024c73,2026-09-03T19:10:22Z,1,,58d03d3c2cda41cf854bb0be34456ff0
spotify:track:0kosUz0jePvjiz4ctmR6wL,9840733ed9ef4860b47a10d9a2e8f38d,2026-09-03T23:31:12Z,1,,58d03d3c2cda41cf854bb0be34456ff0
spotify:track:3cZajhyr8LmtPfHZ9296tj,9840733ed9ef4860b47a10d9a2e8f38d,2026-09-03T23:31:12Z,1,,58d03d3c2cda41cf854bb0be34456ff0
spotify:track:3KliPMvk1EvFZu9cvkj8p1,9840733ed9ef4860b47a10d9a2e8f38d,2026-09-03T23:31:12Z,1,,58d03d3c2cda41cf854bb0be34456ff0
spotify:track:4wH4dJgrsxONID6KS2tDQM,9840733ed9ef4860b47a10d9a2e8f38d,2026-09-03T23:31:12Z,1,,58d03d3c2cda41cf854bb0be34456ff0
spotify:track:4wteGC0HtLeZWjDcczc4Pw,9840733ed9ef4860b47a10d9a2e8f38d,2026-09-03T23:31:12Z,1,,58d03d3c2cda41cf854bb0be34456ff0
spotify:track:6KgBpzTuTRPebChN0VTyzV,9840733ed9ef4860b47a10d9a2e8f38d,2026-09-03T23:31:12Z,1,,58d03d3c2cda41cf854bb0be34456ff0
spotify:track:1BwhFXqoIsePt21WyWIttb,484868107474404f8cf31198a88d4538,2026-09-04T00:44:45Z,1,this album was some of jack's better work,58d03d3c2cda41cf854bb0be34456ff0
spotify:track:1gihuPhrLraKYrJMAEONyc,484868107474404f8cf31198a88d4538,2026-09-04T00:44:45Z,1,,58d03d3c2cda41cf854bb0be34456ff0
spotify:track:429IbFR4yp2J81CeTwF5iY,484868107474404f8cf31198a88d4538,2026-09-04T00:44:45Z,1,been on a bit of a jimmy kick lately - earns a vote,58d03d3c2cda41cf854bb0be34456ff0
spotify:track:44DCjBHfvn5s6ZfLHpKmBi,484868107474404f8cf31198a88d4538,2026-09-04T00:44:45Z,0,also an honorable mention ,58d03d3c2cda41cf854bb0be34456ff0
spotify:track:44wXefe8WB9Fd6xwtmAwbR,484868107474404f8cf31198a88d4538,2026-09-04T00:44:45Z,1,,58d03d3c2cda41cf854bb0be34456ff0
spotify:track:5UqCQaDshqbIk3pkhy4Pjg,484868107474404f8cf31198a88d4538,2026-09-04T00:44:45Z,1,hearing this song live for the first time is a core memory,58d03d3c2cda41cf854bb0be34456ff0
spotify:track:6jF1nHIMESqft9p33tQYPn,484868107474404f8cf31198a88d4538,2026-09-04T00:44:45Z,1,"didn't expect a song i hadn't heard before to steal a vote from such a strong field, but here we are",58d03d3c2cda41cf854bb0be34456ff0
spotify:track:79Eox6tuMRCC2G9gRzWLiQ,484868107474404f8cf31198a88d4538,2026-09-04T00:44:45Z,0,"honorable mention, wish i had more votes to give",58d03d3c2cda41cf854bb0be34456ff0
spotify:track:0GLUBbX4daHJkT3RQHEOia,78f2c8efbf7248d285c45d9cbe080197,2026-09-04T03:07:04Z,1,,58d03d3c2cda41cf854bb0be34456ff0
spotify:track:1gihuPhrLraKYrJMAEONyc,78f2c8efbf7248d285c45d9cbe080197,2026-09-04T03:07:04Z,1,,58d03d3c2cda41cf854bb0be34456ff0
spotify:track:3mRM4NM8iO7UBqrSigCQFH,78f2c8efbf7248d285c45d9cbe080197,2026-09-04T03:07:04Z,1,,58d03d3c2cda41cf854bb0be34456ff0
spotify:track:429IbFR4yp2J81CeTwF5iY,78f2c8efbf7248d285c45d9cbe080197,2026-09-04T03:07:04Z,1,,58d03d3c2cda41cf854bb0be34456ff0
spotify:track:4wH4dJgrsxONID6KS2tDQM,78f2c8efbf7248d285c45d9cbe080197,2026-09-04T03:07:04Z,1,,58d03d3c2cda41cf854bb0be34456ff0
spotify:track:5EA7UNBqezqvJHKHxHRdz4,78f2c8efbf7248d285c45d9cbe080197,2026-09-04T03:07:04Z,1,,58d03d3c2cda41cf854bb0be34456ff0
spotify:track:1gihuPhrLraKYrJMAEONyc,86657fb590ef405b9ed79ff572e3dec2,2026-09-04T13:06:34Z,1,,58d03d3c2cda41cf854bb0be34456ff0
spotify:track:3cZajhyr8LmtPfHZ9296tj,86657fb590ef405b9ed79ff572e3dec2,2026-09-04T13:06:34Z,1,,58d03d3c2cda41cf854bb0be34456ff0
spotify:track:3s8g8yM5RxMAckOtPWzssB,86657fb590ef405b9ed79ff572e3dec2,2026-09-04T13:06:34Z,1,,58d03d3c2cda41cf854bb0be34456ff0
spotify:track:4wteGC0HtLeZWjDcczc4Pw,86657fb590ef405b9ed79ff572e3dec2,2026-09-04T13:06:34Z,1,,58d03d3c2cda41cf854bb0be34456ff0
spotify:track:5EA7UNBqezqvJHKHxHRdz4,86657fb590ef405b9ed79ff572e3dec2,2026-09-04T13:06:34Z,1,,58d03d3c2cda41cf854bb0be34456ff0
spotify:track:6VRhkROS2SZHGlp0pxndbJ,86657fb590ef405b9ed79ff572e3dec2,2026-09-04T13:06:34Z,1,,58d03d3c2cda41cf854bb0be34456ff0
spotify:track:1BwhFXqoIsePt21WyWIttb,750ba811027043b7bd211b4f95d8e1e3,2026-09-04T13:14:58Z,1,,58d03d3c2cda41cf854bb0be34456ff0
spotify:track:1gihuPhrLraKYrJMAEONyc,750ba811027043b7bd211b4f95d8e1e3,2026-09-04T13:14:58Z,1,,58d03d3c2cda41cf854bb0be34456ff0
spotify:track:1MQTmpYOZ6fcMQc56Hdo7T,750ba811027043b7bd211b4f95d8e1e3,2026-09-04T13:14:58Z,1,,58d03d3c2cda41cf854bb0be34456ff0
spotify:track:3KliPMvk1EvFZu9cvkj8p1,750ba811027043b7bd211b4f95d8e1e3,2026-09-04T13:14:58Z,1,,58d03d3c2cda41cf854bb0be34456ff0
spotify:track:429IbFR4yp2J81CeTwF5iY,750ba811027043b7bd211b4f95d8e1e3,2026-09-04T13:14:58Z,1,,58d03d3c2cda41cf854bb0be34456ff0
spotify:track:4wteGC0HtLeZWjDcczc4Pw,750ba811027043b7bd211b4f95d8e1e3,2026-09-04T13:14:58Z,1,,58d03d3c2cda41cf854bb0be34456ff0
spotify:track:0GLUBbX4daHJkT3RQHEOia,bc244a1ae5864415b445995616a1f8bd,2026-09-04T15:40:21Z,1,,58d03d3c2cda41cf854bb0be34456ff0
spotify:track:1ofhfV90EnYhEr7Un2fWiv,bc244a1ae5864415b445995616a1f8bd,2026-09-04T15:40:21Z,1,,58d03d3c2cda41cf854bb0be34456ff0
spotify:track:2ygMBIctKIAfbEBcT9065L,bc244a1ae5864415b445995616a1f8bd,2026-09-04T15:40:21Z,1,,58d03d3c2cda41cf854bb0be34456ff0
spotify:track:4wH4dJgrsxONID6KS2tDQM,bc244a1ae5864415b445995616a1f8bd,2026-09-04T15:40:21Z,2,,58d03d3c2cda41cf854bb0be34456ff0
spotify:track:4xkOaSrkexMciUUogZKVTS,bc244a1ae5864415b445995616a1f8bd,2026-09-04T15:40:21Z,1,,58d03d3c2cda41cf854bb0be34456ff0
spotify:track:2ygMBIctKIAfbEBcT9065L,469a0a5e68c04d23adeff628e9d0ded9,2026-09-04T15:45:28Z,1,,58d03d3c2cda41cf854bb0be34456ff0
spotify:track:3cZajhyr8LmtPfHZ9296tj,469a0a5e68c04d23adeff628e9d0ded9,2026-09-04T15:45:28Z,1,,58d03d3c2cda41cf854bb0be34456ff0
spotify:track:3HQcsqRjRdruUjkbDSgmVF,469a0a5e68c04d23adeff628e9d0ded9,2026-09-04T15:45:28Z,1,,58d03d3c2cda41cf854bb0be34456ff0
spotify:track:4wH4dJgrsxONID6KS2tDQM,469a0a5e68c04d23adeff628e9d0ded9,2026-09-04T15:45:28Z,1,,58d03d3c2cda41cf854bb0be34456ff0
spotify:track:4wteGC0HtLeZWjDcczc4Pw,469a0a5e68c04d23adeff628e9d0ded9,2026-09-04T15:45:28Z,1,,58d03d3c2cda41cf854bb0be34456ff0
spotify:track:6jF1nHIMESqft9p33tQYPn,469a0a5e68c04d23adeff628e9d0ded9,2026-09-04T15:45:28Z,1,,58d03d3c2cda41cf854bb0be34456ff0
spotify:track:2HHtWyy5CgaQbC7XSoOb0e,b878145dc8d14e9aa4e69fe6c7d3aa04,2026-09-04T16:55:17Z,1,,58d03d3c2cda41cf854bb0be34456ff0
spotify:track:2ygMBIctKIAfbEBcT9065L,b878145dc8d14e9aa4e69fe6c7d3aa04,2026-09-04T16:55:17Z,1,,58d03d3c2cda41cf854bb0be34456ff0
spotify:track:3bIF9Iee2Xmt8dQ71pUPGF,b878145dc8d14e9aa4e69fe6c7d3aa04,2026-09-04T16:55:17Z,2,,58d03d3c2cda41cf854bb0be34456ff0
spotify:track:3cZajhyr8LmtPfHZ9296tj,b878145dc8d14e9aa4e69fe6c7d3aa04,2026-09-04T16:55:17Z,1,,58d03d3c2cda41cf854bb0be34456ff0
spotify:track:3s8g8yM5RxMAckOtPWzssB,b878145dc8d14e9aa4e69fe6c7d3aa04,2026-09-04T16:55:17Z,1,,58d03d3c2cda41cf854bb0be34456ff0
spotify:track:1KGi9sZVMeszgZOWivFpxs,3fca1344c8ea4df3aef395c9a840f591,2026-09-08T19:21:34Z,1,,2ca7a971a52f4a69886651599982ac2a
spotify:track:22VHOlVYBqytsrAqV8yXBK,3fca1344c8ea4df3aef395c9a840f591,2026-09-08T19:21:34Z,1,,2ca7a971a52f4a69886651599982ac2a
spotify:track:0z1b34WikhOH9ZxU8QDWcv,3fca1344c8ea4df3aef395c9a840f591,2026-09-08T19:21:34Z,1,,2ca7a971a52f4a69886651599982ac2a
spotify:track:2QjOHCTQ1Jl3zawyYOpxh6,3fca1344c8ea4df3aef395c9a840f591,2026-09-08T19:21:34Z,1,,2ca7a971a52f4a69886651599982ac2a
spotify:track:2VxeLyX666F8uXCJ0dZF8B,3fca1344c8ea4df3aef395c9a840f591,2026-09-08T19:21:34Z,1,,2ca7a971a52f4a69886651599982ac2a
spotify:track:6Qyc6fS4DsZjB2mRW9DsQs,3fca1344c8ea4df3aef395c9a840f591,2026-09-08T19:21:34Z,1,,2ca7a971a52f4a69886651599982ac2a
spotify:track:1HbzxLqpNVPdiBXvpC7Ovb,750ba811027043b7bd211b4f95d8e1e3,2026-09-08T19:29:08Z,1,,2ca7a971a52f4a69886651599982ac2a
spotify:track:2QjOHCTQ1Jl3zawyYOpxh6,750ba811027043b7bd211b4f95d8e1e3,2026-09-08T19:29:08Z,1,,2ca7a971a52f4a69886651599982ac2a
spotify:track:2S6yBUXa5KddBV0CqBkcP1,750ba811027043b7bd211b4f95d8e1e3,2026-09-08T19:29:08Z,1,,2ca7a971a52f4a69886651599982ac2a
spotify:track:2VxeLyX666F8uXCJ0dZF8B,750ba811027043b7bd211b4f95d8e1e3,2026-09-08T19:29:08Z,1,,2ca7a971a52f4a69886651599982ac2a
spotify:track:3HMOMdRPywfouYx5B4PvaH,750ba811027043b7bd211b4f95d8e1e3,2026-09-08T19:29:08Z,1,,2ca7a971a52f4a69886651599982ac2a
spotify:track:6kRLTrvZvC217CZBNyCILY,750ba811027043b7bd211b4f95d8e1e3,2026-09-08T19:29:08Z,1,,2ca7a971a52f4a69886651599982ac2a
spotify:track:0nuneId81O8XGxUjSCL316,6afc77567dc5471f9b4d35dd7d5aada2,2026-09-08T19:55:13Z,0,ni,2ca7a971a52f4a69886651599982ac2a
spotify:track:1Je1IMUlBXcx1Fz0WE7oPT,6afc77567dc5471f9b4d35dd7d5aada2,2026-09-08T19:55:13Z,1,,2ca7a971a52f4a69886651599982ac2a
spotify:track:1yTQ39my3MoNROlFw3RDNy,6afc77567dc5471f9b4d35dd7d5aada2,2026-09-08T19:55:13Z,1,,2ca7a971a52f4a69886651599982ac2a
spotify:track:24SUWisv2lYQiB3bVpE1sn,6afc77567dc5471f9b4d35dd7d5aada2,2026-09-08T19:55:13Z,1,,2ca7a971a52f4a69886651599982ac2a
spotify:track:5N6M8yDiMV32T6Rkzh8EbW,6afc77567dc5471f9b4d35dd7d5aada2,2026-09-08T19:55:13Z,1,,2ca7a971a52f4a69886651599982ac2a
spotify:track:62bOmKYxYg7dhrC6gH9vFn,6afc77567dc5471f9b4d35dd7d5aada2,2026-09-08T19:55:13Z,1,,2ca7a971a52f4a69886651599982ac2a
spotify:track:6Qyc6fS4DsZjB2mRW9DsQs,6afc77567dc5471f9b4d35dd7d5aada2,2026-09-08T19:55:13Z,1,,2ca7a971a52f4a69886651599982ac2a
spotify:track:0nuneId81O8XGxUjSCL316,5d65669cbe4a4fcaadb47fb3ebbf2155,2026-09-08T20:30:00Z,1,,2ca7a971a52f4a69886651599982ac2a
spotify:track:0z1b34WikhOH9ZxU8QDWcv,5d65669cbe4a4fcaadb47fb3ebbf2155,2026-09-08T20:30:00Z,1,,2ca7a971a52f4a69886651599982ac2a
spotify:track:13xVnZKZDEGbmXkzBFpJDD,5d65669cbe4a4fcaadb47fb3ebbf2155,2026-09-08T20:30:00Z,1,,2ca7a971a52f4a69886651599982ac2a
spotify:track:1KGi9sZVMeszgZOWivFpxs,5d65669cbe4a4fcaadb47fb3ebbf2155,2026-09-08T20:30:00Z,1,,2ca7a971a52f4a69886651599982ac2a
spotify:track:2S6yBUXa5KddBV0CqBkcP1,5d65669cbe4a4fcaadb47fb3ebbf2155,2026-09-08T20:30:00Z,1,,2ca7a971a52f4a69886651599982ac2a
spotify:track:6Qyc6fS4DsZjB2mRW9DsQs,5d65669cbe4a4fcaadb47fb3ebbf2155,2026-09-08T20:30:00Z,1,,2ca7a971a52f4a69886651599982ac2a
spotify:track:1HbzxLqpNVPdiBXvpC7Ovb,0cd5052e0f0a4e8fbce7e36e9d69e173,2026-09-08T20:42:46Z,1,,2ca7a971a52f4a69886651599982ac2a
spotify:track:1KGi9sZVMeszgZOWivFpxs,0cd5052e0f0a4e8fbce7e36e9d69e173,2026-09-08T20:42:46Z,1,,2ca7a971a52f4a69886651599982ac2a
spotify:track:5e9TFTbltYBg2xThimr0rU,0cd5052e0f0a4e8fbce7e36e9d69e173,2026-09-08T20:42:46Z,1,,2ca7a971a52f4a69886651599982ac2a
spotify:track:6Qyc6fS4DsZjB2mRW9DsQs,0cd5052e0f0a4e8fbce7e36e9d69e173,2026-09-08T20:42:46Z,1,,2ca7a971a52f4a69886651599982ac2a
spotify:track:6uNP8aOZphmhsYlOwRhNh1,0cd5052e0f0a4e8fbce7e36e9d69e173,2026-09-08T20:42:46Z,1,,2ca7a971a52f4a69886651599982ac2a
spotify:track:7tf64lNC31lWlTsih0nfZf,0cd5052e0f0a4e8fbce7e36e9d69e173,2026-09-08T20:42:46Z,1,,2ca7a971a52f4a69886651599982ac2a
spotify:track:0z1b34WikhOH9ZxU8QDWcv,833da065c575491d9e6dc592364c6eac,2026-09-08T21:02:17Z,2,,2ca7a971a52f4a69886651599982ac2a
spotify:track:5e9TFTbltYBg2xThimr0rU,833da065c575491d9e6dc592364c6eac,2026-09-08T21:02:17Z,1,,2ca7a971a52f4a69886651599982ac2a
spotify:track:6uNP8aOZphmhsYlOwRhNh1,833da065c575491d9e6dc592364c6eac,2026-09-08T21:02:17Z,3,One of my favorite songs.,2ca7a971a52f4a69886651599982ac2a
spotify:track:1ve4UbmAdG0FsCwXkcYIPl,39eb585b1675462e87bddfacf8024c73,2026-09-08T21:06:19Z,2,,2ca7a971a52f4a69886651599982ac2a
spotify:track:2QjOHCTQ1Jl3zawyYOpxh6,39eb585b1675462e87bddfacf8024c73,2026-09-08T21:06:19Z,1,,2ca7a971a52f4a69886651599982ac2a
spotify:track:5O2P9iiztwhomNh8xkR9lJ,39eb585b1675462e87bddfacf8024c73,2026-09-08T21:06:19Z,1,,2ca7a971a52f4a69886651599982ac2a
spotify:track:6EMynpZ10GVcwVqiLZj6Ye,39eb585b1675462e87bddfacf8024c73,2026-09-08T21:06:19Z,2,,2ca7a971a52f4a69886651599982ac2a
spotify:track:0z1b34WikhOH9ZxU8QDWcv,98ac3bad53394f2e96460de78cfd5bff,2026-09-08T21:34:28Z,1,,2ca7a971a52f4a69886651599982ac2a
spotify:track:13xVnZKZDEGbmXkzBFpJDD,98ac3bad53394f2e96460de78cfd5bff,2026-09-08T21:34:28Z,1,,2ca7a971a52f4a69886651599982ac2a
spotify:track:6EMynpZ10GVcwVqiLZj6Ye,98ac3bad53394f2e96460de78cfd5bff,2026-09-08T21:34:28Z,1,,2ca7a971a52f4a69886651599982ac2a
spotify:track:6Qyc6fS4DsZjB2mRW9DsQs,98ac3bad53394f2e96460de78cfd5bff,2026-09-08T21:34:28Z,1,,2ca7a971a52f4a69886651599982ac2a
spotify:track:6uNP8aOZphmhsYlOwRhNh1,98ac3bad53394f2e96460de78cfd5bff,2026-09-08T21:34:28Z,1,,2ca7a971a52f4a69886651599982ac2a
spotify:track:77NNZQSqzLNqh2A9JhLRkg,98ac3bad53394f2e96460de78cfd5bff,2026-09-08T21:34:28Z,1,,2ca7a971a52f4a69886651599982ac2a
spotify:track:03EXmcOx7noiLAazPSooLt,a72c861d0c7e4d1da56fde1beb2b0571,2026-09-08T23:32:36Z,1,,2ca7a971a52f4a69886651599982ac2a
spotify:track:1Sgj10byiGzPpI2IrXSFEn,a72c861d0c7e4d1da56fde1beb2b0571,2026-09-08T23:32:36Z,1,,2ca7a971a52f4a69886651599982ac2a
spotify:track:1ve4UbmAdG0FsCwXkcYIPl,a72c861d0c7e4d1da56fde1beb2b0571,2026-09-08T23:32:36Z,1,,2ca7a971a52f4a69886651599982ac2a
spotify:track:2f1WulnyiYYnseSQWI8Oi9,a72c861d0c7e4d1da56fde1beb2b0571,2026-09-08T23:32:36Z,2,,2ca7a971a52f4a69886651599982ac2a
spotify:track:77NNZQSqzLNqh2A9JhLRkg,a72c861d0c7e4d1da56fde1beb2b0571,2026-09-08T23:32:36Z,1,,2ca7a971a52f4a69886651599982ac2a
spotify:track:3HMOMdRPywfouYx5B4PvaH,913b7d1f8c384fa8809d2f72f4bac744,2026-09-09T12:43:55Z,2,Perfect song from a fantastic band,2ca7a971a52f4a69886651599982ac2a
spotify:track:4VwPsMcRt1HPVKIdcwY9Uj,913b7d1f8c384fa8809d2f72f4bac744,2026-09-09T12:43:55Z,1,“Looking California and feeling Minnesota”,2ca7a971a52f4a69886651599982ac2a
spotify:track:5e9TFTbltYBg2xThimr0rU,913b7d1f8c384fa8809d2f72f4bac744,2026-09-09T12:43:55Z,1,A+ montage in The Americans,2ca7a971a52f4a69886651599982ac2a
spotify:track:6kRLTrvZvC217CZBNyCILY,913b7d1f8c384fa8809d2f72f4bac744,2026-09-09T12:43:55Z,1,"Never heard this before, great addition!",2ca7a971a52f4a69886651599982ac2a
spotify:track:7tf64lNC31lWlTsih0nfZf,913b7d1f8c384fa8809d2f72f4bac744,2026-09-09T12:43:55Z,1,Wild that this didn’t make the cut for Pet Sounds,2ca7a971a52f4a69886651599982ac2a
spotify:track:03EXmcOx7noiLAazPSooLt,bd72e5a1559748218511b4d60247bbb4,2026-09-09T13:19:08Z,1,"this was new to me, big fan!",2ca7a971a52f4a69886651599982ac2a
spotify:track:1hUgRKylrpLNBKjblt3ZW9,bd72e5a1559748218511b4d60247bbb4,2026-09-09T13:19:08Z,1,,2ca7a971a52f4a69886651599982ac2a
spotify:track:1Sgj10byiGzPpI2IrXSFEn,bd72e5a1559748218511b4d60247bbb4,2026-09-09T13:19:08Z,1,,2ca7a971a52f4a69886651599982ac2a
spotify:track:1ve4UbmAdG0FsCwXkcYIPl,bd72e5a1559748218511b4d60247bbb4,2026-09-09T13:19:08Z,0,thoroughly enjoyed this bop! ,2ca7a971a52f4a69886651599982ac2a
spotify:track:1yTQ39my3MoNROlFw3RDNy,bd72e5a1559748218511b4d60247bbb4,2026-09-09T13:19:08Z,1,girl power <3,2ca7a971a52f4a69886651599982ac2a
spotify:track:3HMOMdRPywfouYx5B4PvaH,bd72e5a1559748218511b4d60247bbb4,2026-09-09T13:19:08Z,1,,2ca7a971a52f4a69886651599982ac2a
spotify:track:4qW3BbQAwZsrnu8a3ZRdyT,bd72e5a1559748218511b4d60247bbb4,2026-09-09T13:19:08Z,1,,2ca7a971a52f4a69886651599982ac2a
spotify:track:1KGi9sZVMeszgZOWivFpxs,ce3c42e513a049bbb5fe55cfa5b73111,2026-09-09T14:02:48Z,1,,2ca7a971a52f4a69886651599982ac2a
spotify:track:1ve4UbmAdG0FsCwXkcYIPl,ce3c42e513a049bbb5fe55cfa5b73111,2026-09-09T14:02:48Z,1,,2ca7a971a52f4a69886651599982ac2a
spotify:track:4VgEM12OeaN3GyBV487Me7,ce3c42e513a049bbb5fe55cfa5b73111,2026-09-09T14:02:48Z,1,,2ca7a971a52f4a69886651599982ac2a
spotify:track:5e9TFTbltYBg2xThimr0rU,ce3c42e513a049bbb5fe55cfa5b73111,2026-09-09T14:02:48Z,1,,2ca7a971a52f4a69886651599982ac2a
spotify:track:6EMynpZ10GVcwVqiLZj6Ye,ce3c42e513a049bbb5fe55cfa5b73111,2026-09-09T14:02:48Z,1,,2ca7a971a52f4a69886651599982ac2a
spotify:track:7tf64lNC31lWlTsih0nfZf,ce3c42e513a049bbb5fe55cfa5b73111,2026-09-09T14:02:48Z,1,,2ca7a971a52f4a69886651599982ac2a
spotify:track:1HbzxLqpNVPdiBXvpC7Ovb,bb05308ddb1c492ea743079835c5b788,2026-09-09T14:45:29Z,1,,2ca7a971a52f4a69886651599982ac2a
spotify:track:1Je1IMUlBXcx1Fz0WE7oPT,bb05308ddb1c492ea743079835c5b788,2026-09-09T14:45:29Z,1,,2ca7a971a52f4a69886651599982ac2a
spotify:track:1KGi9sZVMeszgZOWivFpxs,bb05308ddb1c492ea743079835c5b788,2026-09-09T14:45:29Z,1,,2ca7a971a52f4a69886651599982ac2a
spotify:track:2QjOHCTQ1Jl3zawyYOpxh6,bb05308ddb1c492ea743079835c5b788,2026-09-09T14:45:29Z,1,,2ca7a971a52f4a69886651599982ac2a
spotify:track:5e9TFTbltYBg2xThimr0rU,bb05308ddb1c492ea743079835c5b788,2026-09-09T14:45:29Z,1,,2ca7a971a52f4a69886651599982ac2a
spotify:track:62bOmKYxYg7dhrC6gH9vFn,bb05308ddb1c492ea743079835c5b788,2026-09-09T14:45:29Z,1,,2ca7a971a52f4a69886651599982ac2a
spotify:track:0z1b34WikhOH9ZxU8QDWcv,78f2c8efbf7248d285c45d9cbe080197,2026-09-09T15:08:51Z,1,,2ca7a971a52f4a69886651599982ac2a
spotify:track:13xVnZKZDEGbmXkzBFpJDD,78f2c8efbf7248d285c45d9cbe080197,2026-09-09T15:08:51Z,1,,2ca7a971a52f4a69886651599982ac2a
spotify:track:24SUWisv2lYQiB3bVpE1sn,78f2c8efbf7248d285c45d9cbe080197,2026-09-09T15:08:51Z,1,,2ca7a971a52f4a69886651599982ac2a
spotify:track:4qW3BbQAwZsrnu8a3ZRdyT,78f2c8efbf7248d285c45d9cbe080197,2026-09-09T15:08:51Z,1,,2ca7a971a52f4a69886651599982ac2a
spotify:track:6Qyc6fS4DsZjB2mRW9DsQs,78f2c8efbf7248d285c45d9cbe080197,2026-09-09T15:08:51Z,1,,2ca7a971a52f4a69886651599982ac2a
spotify:track:6uNP8aOZphmhsYlOwRhNh1,78f2c8efbf7248d285c45d9cbe080197,2026-09-09T15:08:51Z,1,,2ca7a971a52f4a69886651599982ac2a
spotify:track:0skYUMpS0AcbpjcGsAbRGj,8fc1dc71014e405da1c76d2fc096a6d6,2026-09-09T15:19:58Z,1,"Fire track, instantly added to the liked songs list, enjoy a point.",2ca7a971a52f4a69886651599982ac2a
spotify:track:0z1b34WikhOH9ZxU8QDWcv,8fc1dc71014e405da1c76d2fc096a6d6,2026-09-09T15:19:58Z,0,"OMG such a classic, I love the Wallflowers, if they weren't on my regular rotation you'd get points",2ca7a971a52f4a69886651599982ac2a
spotify:track:1FaFvYaqcgG2PpVSz4slue,8fc1dc71014e405da1c76d2fc096a6d6,2026-09-09T15:19:58Z,1,"Yeah enjoyed this one quite a bit, take a point",2ca7a971a52f4a69886651599982ac2a
spotify:track:1HbzxLqpNVPdiBXvpC7Ovb,8fc1dc71014e405da1c76d2fc096a6d6,2026-09-09T15:19:58Z,0,"Quite the pipes, enjoyed this one but not in my top unfortunately",2ca7a971a52f4a69886651599982ac2a
spotify:track:1hUgRKylrpLNBKjblt3ZW9,8fc1dc71014e405da1c76d2fc096a6d6,2026-09-09T15:19:58Z,1,"Yeah great track, take a point.",2ca7a971a52f4a69886651599982ac2a
spotify:track:1Sgj10byiGzPpI2IrXSFEn,8fc1dc71014e405da1c76d2fc096a6d6,2026-09-09T15:19:58Z,1,"Fuck yeah Wu-Tang Clan, wasn't on my regular playlists so added to the liked list",2ca7a971a52f4a69886651599982ac2a
spotify:track:2QjOHCTQ1Jl3zawyYOpxh6,8fc1dc71014e405da1c76d2fc096a6d6,2026-09-09T15:19:58Z,0,"Yeah such a great track, but already on my regularly played list so no point sorry",2ca7a971a52f4a69886651599982ac2a
spotify:track:2VxeLyX666F8uXCJ0dZF8B,8fc1dc71014e405da1c76d2fc096a6d6,2026-09-09T15:19:58Z,0,"Gosh I was obsessed with this song for so long, the movie was such a great remake.",2ca7a971a52f4a69886651599982ac2a
spotify:track:4qW3BbQAwZsrnu8a3ZRdyT,8fc1dc71014e405da1c76d2fc096a6d6,2026-09-09T15:19:58Z,1,"Yeah great track, added to my liked list, thanks for sharing enjoy a point.",2ca7a971a52f4a69886651599982ac2a
spotify:track:4VgEM12OeaN3GyBV487Me7,8fc1dc71014e405da1c76d2fc096a6d6,2026-09-09T15:19:58Z,0,Love me some Green Day,2ca7a971a52f4a69886651599982ac2a
spotify:track:5e9TFTbltYBg2xThimr0rU,8fc1dc71014e405da1c76d2fc096a6d6,2026-09-09T15:19:58Z,0,"Love me some Fleetwood Mac, but too many new artists on my list to give a point for this absolute banger of a classic",2ca7a971a52f4a69886651599982ac2a
spotify:track:62bOmKYxYg7dhrC6gH9vFn,8fc1dc71014e405da1c76d2fc096a6d6,2026-09-09T15:19:58Z,0,Man for a hot second I really wanted to be in a boy band because of these guys,2ca7a971a52f4a69886651599982ac2a
spotify:track:6Qyc6fS4DsZjB2mRW9DsQs,8fc1dc71014e405da1c76d2fc096a6d6,2026-09-09T15:19:58Z,0,Great track,2ca7a971a52f4a69886651599982ac2a
spotify:track:6uNP8aOZphmhsYlOwRhNh1,8fc1dc71014e405da1c76d2fc096a6d6,2026-09-09T15:19:58Z,1,"Such a great song, totally forgot about it, take a point for nostalgia ",2ca7a971a52f4a69886651599982ac2a
spotify:track:0z1b34WikhOH9ZxU8QDWcv,d48ed6f1619c4de099fff6b4158b3da7,2026-09-09T17:01:58Z,1,,2ca7a971a52f4a69886651599982ac2a
spotify:track:1FaFvYaqcgG2PpVSz4slue,d48ed6f1619c4de099fff6b4158b3da7,2026-09-09T17:01:58Z,1,,2ca7a971a52f4a69886651599982ac2a
spotify:track:1yTQ39my3MoNROlFw3RDNy,d48ed6f1619c4de099fff6b4158b3da7,2026-09-09T17:01:58Z,1,,2ca7a971a52f4a69886651599982ac2a
spotify:track:6EMynpZ10GVcwVqiLZj6Ye,d48ed6f1619c4de099fff6b4158b3da7,2026-09-09T17:01:58Z,1,,2ca7a971a52f4a69886651599982ac2a
spotify:track:6Qyc6fS4DsZjB2mRW9DsQs,d48ed6f1619c4de099fff6b4158b3da7,2026-09-09T17:01:58Z,1,,2ca7a971a52f4a69886651599982ac2a
spotify:track:6uNP8aOZphmhsYlOwRhNh1,d48ed6f1619c4de099fff6b4158b3da7,2026-09-09T17:01:58Z,1,,2ca7a971a52f4a69886651599982ac2a
spotify:track:1FaFvYaqcgG2PpVSz4slue,383a348e97c84dfbbc3169ca98067699,2026-09-09T18:27:21Z,1,,2ca7a971a52f4a69886651599982ac2a
spotify:track:2VxeLyX666F8uXCJ0dZF8B,383a348e97c84dfbbc3169ca98067699,2026-09-09T18:27:21Z,1,,2ca7a971a52f4a69886651599982ac2a
spotify:track:5O2P9iiztwhomNh8xkR9lJ,383a348e97c84dfbbc3169ca98067699,2026-09-09T18:27:21Z,1,,2ca7a971a52f4a69886651599982ac2a
spotify:track:6Qyc6fS4DsZjB2mRW9DsQs,383a348e97c84dfbbc3169ca98067699,2026-09-09T18:27:21Z,1,,2ca7a971a52f4a69886651599982ac2a
spotify:track:6uNP8aOZphmhsYlOwRhNh1,383a348e97c84dfbbc3169ca98067699,2026-09-09T18:27:21Z,1,,2ca7a971a52f4a69886651599982ac2a
spotify:track:7AclP0W2jy6yrbvBiC4prQ,383a348e97c84dfbbc3169ca98067699,2026-09-09T18:27:21Z,1,,2ca7a971a52f4a69886651599982ac2a
spotify:track:03EXmcOx7noiLAazPSooLt,708285d89baf4ff094731436003a4bf2,2026-09-10T14:04:39Z,1,,2ca7a971a52f4a69886651599982ac2a
spotify:track:0nuneId81O8XGxUjSCL316,708285d89baf4ff094731436003a4bf2,2026-09-10T14:04:39Z,1,,2ca7a971a52f4a69886651599982ac2a
spotify:track:1FaFvYaqcgG2PpVSz4slue,708285d89baf4ff094731436003a4bf2,2026-09-10T14:04:39Z,2,TY for this new find!,2ca7a971a52f4a69886651599982ac2a
spotify:track:5e9TFTbltYBg2xThimr0rU,708285d89baf4ff094731436003a4bf2,2026-09-10T14:04:39Z,1,,2ca7a971a52f4a69886651599982ac2a
spotify:track:6EMynpZ10GVcwVqiLZj6Ye,708285d89baf4ff094731436003a4bf2,2026-09-10T14:04:39Z,1,,2ca7a971a52f4a69886651599982ac2a
spotify:track:3HMOMdRPywfouYx5B4PvaH,545b798c57364c278826c2847d610a2e,2026-09-10T15:25:29Z,1,,2ca7a971a52f4a69886651599982ac2a
spotify:track:1FaFvYaqcgG2PpVSz4slue,545b798c57364c278826c2847d610a2e,2026-09-10T15:25:29Z,1,I love the bridge of this so much,2ca7a971a52f4a69886651599982ac2a
spotify:track:1hUgRKylrpLNBKjblt3ZW9,545b798c57364c278826c2847d610a2e,2026-09-10T15:25:29Z,1,So good,2ca7a971a52f4a69886651599982ac2a
spotify:track:5e9TFTbltYBg2xThimr0rU,545b798c57364c278826c2847d610a2e,2026-09-10T15:25:29Z,1,Cannot pass Stevie without giving her a vote 🔮,2ca7a971a52f4a69886651599982ac2a
spotify:track:6EMynpZ10GVcwVqiLZj6Ye,545b798c57364c278826c2847d610a2e,2026-09-10T15:25:29Z,1,,2ca7a971a52f4a69886651599982ac2a
spotify:track:6uNP8aOZphmhsYlOwRhNh1,545b798c57364c278826c2847d610a2e,2026-09-10T15:25:29Z,1,I have a very vivid memory of singing this in the car with my mom so this gets a vote :),2ca7a971a52f4a69886651599982ac2a
spotify:track:77NNZQSqzLNqh2A9JhLRkg,d7fc034cdd4f4f00adfeb0cfe0718e55,2026-09-10T16:14:09Z,1,,2ca7a971a52f4a69886651599982ac2a
spotify:track:1Je1IMUlBXcx1Fz0WE7oPT,d7fc034cdd4f4f00adfeb0cfe0718e55,2026-09-10T16:14:09Z,1,I’m ,2ca7a971a52f4a69886651599982ac2a
spotify:track:1KGi9sZVMeszgZOWivFpxs,d7fc034cdd4f4f00adfeb0cfe0718e55,2026-09-10T16:14:09Z,1,,2ca7a971a52f4a69886651599982ac2a
spotify:track:62bOmKYxYg7dhrC6gH9vFn,d7fc034cdd4f4f00adfeb0cfe0718e55,2026-09-10T16:14:09Z,1,,2ca7a971a52f4a69886651599982ac2a
spotify:track:5N6M8yDiMV32T6Rkzh8EbW,d7fc034cdd4f4f00adfeb0cfe0718e55,2026-09-10T16:14:09Z,1,,2ca7a971a52f4a69886651599982ac2a
spotify:track:2VxeLyX666F8uXCJ0dZF8B,d7fc034cdd4f4f00adfeb0cfe0718e55,2026-09-10T16:14:09Z,1,,2ca7a971a52f4a69886651599982ac2a
spotify:track:0nuneId81O8XGxUjSCL316,21e63470f218499f8140c964da24800a,2026-09-10T17:06:25Z,3,Wow. Probably not the winner of the week overall but my personal favorite. I replayed this song a lot this week. ,2ca7a971a52f4a69886651599982ac2a
spotify:track:0z1b34WikhOH9ZxU8QDWcv,21e63470f218499f8140c964da24800a,2026-09-10T17:06:25Z,0,Nostalgia feels. Thank you!,2ca7a971a52f4a69886651599982ac2a
spotify:track:1Je1IMUlBXcx1Fz0WE7oPT,21e63470f218499f8140c964da24800a,2026-09-10T17:06:25Z,0,It was so hard for me not to give a point to this timeless song.,2ca7a971a52f4a69886651599982ac2a
spotify:track:1ncSAZD0bzvU3cu0uPLbWd,21e63470f218499f8140c964da24800a,2026-09-10T17:06:25Z,0,Oh it was so hard for me to not give a point to a favorite of mine.,2ca7a971a52f4a69886651599982ac2a
spotify:track:3HMOMdRPywfouYx5B4PvaH,21e63470f218499f8140c964da24800a,2026-09-10T17:06:25Z,0,Thanks for the new find!,2ca7a971a52f4a69886651599982ac2a
spotify:track:5e9TFTbltYBg2xThimr0rU,21e63470f218499f8140c964da24800a,2026-09-10T17:06:25Z,1,"If you asked me before the week I don't know if this song would have been in my top 5 Fleetwood Mac songs but after a few replays this week it is so so good. Three way tie for me with Silver Springs, Everywhere, The Chain.",2ca7a971a52f4a69886651599982ac2a
spotify:track:5N6M8yDiMV32T6Rkzh8EbW,21e63470f218499f8140c964da24800a,2026-09-10T17:06:25Z,0,"This song would have won for me if the theme this week was ""Remember Summer Camp""",2ca7a971a52f4a69886651599982ac2a
spotify:track:77NNZQSqzLNqh2A9JhLRkg,21e63470f218499f8140c964da24800a,2026-09-10T17:06:25Z,2,"This wins my 2 votes for ""Objectively this song will stand the test of time as a favorite for many including me.""",2ca7a971a52f4a69886651599982ac2a
spotify:track:03EXmcOx7noiLAazPSooLt,a8d1615e794348c3b4c3bb71da0ed65e,2026-09-10T17:52:14Z,0,Will add this to my workout/run playlist. ,2ca7a971a52f4a69886651599982ac2a
spotify:track:1FaFvYaqcgG2PpVSz4slue,a8d1615e794348c3b4c3bb71da0ed65e,2026-09-10T17:52:14Z,3,This was new to me and I really enjoyed it. Immediately added to my personal playlist. ,2ca7a971a52f4a69886651599982ac2a
spotify:track:1hUgRKylrpLNBKjblt3ZW9,a8d1615e794348c3b4c3bb71da0ed65e,2026-09-10T17:52:14Z,0,Honorable mention for me on this one. I don't know much from Temper Trap but it's a fun one. ,2ca7a971a52f4a69886651599982ac2a
spotify:track:4VgEM12OeaN3GyBV487Me7,a8d1615e794348c3b4c3bb71da0ed65e,2026-09-10T17:52:14Z,2,Green Day has been a fave since elementary school. ,2ca7a971a52f4a69886651599982ac2a
spotify:track:6Qyc6fS4DsZjB2mRW9DsQs,a8d1615e794348c3b4c3bb71da0ed65e,2026-09-10T17:52:14Z,1,You just end up singing along to this whether you want to or not. ,2ca7a971a52f4a69886651599982ac2a
spotify:track:77NNZQSqzLNqh2A9JhLRkg,a8d1615e794348c3b4c3bb71da0ed65e,2026-09-10T17:52:14Z,0,Great one live!,2ca7a971a52f4a69886651599982ac2a
spotify:track:03EXmcOx7noiLAazPSooLt,86657fb590ef405b9ed79ff572e3dec2,2026-09-10T18:17:59Z,1,,2ca7a971a52f4a69886651599982ac2a
spotify:track:22VHOlVYBqytsrAqV8yXBK,86657fb590ef405b9ed79ff572e3dec2,2026-09-10T18:17:59Z,1,,2ca7a971a52f4a69886651599982ac2a
spotify:track:24SUWisv2lYQiB3bVpE1sn,86657fb590ef405b9ed79ff572e3dec2,2026-09-10T18:17:59Z,1,,2ca7a971a52f4a69886651599982ac2a
spotify:track:4qW3BbQAwZsrnu8a3ZRdyT,86657fb590ef405b9ed79ff572e3dec2,2026-09-10T18:17:59Z,1,,2ca7a971a52f4a69886651599982ac2a
spotify:track:5e9TFTbltYBg2xThimr0rU,86657fb590ef405b9ed79ff572e3dec2,2026-09-10T18:17:59Z,1,,2ca7a971a52f4a69886651599982ac2a
spotify:track:6uNP8aOZphmhsYlOwRhNh1,86657fb590ef405b9ed79ff572e3dec2,2026-09-10T18:17:59Z,1,,2ca7a971a52f4a69886651599982ac2a
spotify:track:1Sgj10byiGzPpI2IrXSFEn,82c07b6dae6e444fa2fa1b4663d71b02,2026-09-10T18:31:39Z,1,,2ca7a971a52f4a69886651599982ac2a
spotify:track:1Je1IMUlBXcx1Fz0WE7oPT,82c07b6dae6e444fa2fa1b4663d71b02,2026-09-10T18:31:39Z,1,,2ca7a971a52f4a69886651599982ac2a
spotify:track:1KGi9sZVMeszgZOWivFpxs,82c07b6dae6e444fa2fa1b4663d71b02,2026-09-10T18:31:39Z,1,,2ca7a971a52f4a69886651599982ac2a
spotify:track:1ve4UbmAdG0FsCwXkcYIPl,82c07b6dae6e444fa2fa1b4663d71b02,2026-09-10T18:31:39Z,1,,2ca7a971a52f4a69886651599982ac2a
spotify:track:4VgEM12OeaN3GyBV487Me7,82c07b6dae6e444fa2fa1b4663d71b02,2026-09-10T18:31:39Z,1,,2ca7a971a52f4a69886651599982ac2a
spotify:track:6Qyc6fS4DsZjB2mRW9DsQs,82c07b6dae6e444fa2fa1b4663d71b02,2026-09-10T18:31:39Z,1,,2ca7a971a52f4a69886651599982ac2a
spotify:track:13xVnZKZDEGbmXkzBFpJDD,7febabde978e4b25b33f1b3c4ce070a4,2026-09-10T18:54:40Z,1,,2ca7a971a52f4a69886651599982ac2a
spotify:track:1hUgRKylrpLNBKjblt3ZW9,7febabde978e4b25b33f1b3c4ce070a4,2026-09-10T18:54:40Z,1,,2ca7a971a52f4a69886651599982ac2a
spotify:track:24SUWisv2lYQiB3bVpE1sn,7febabde978e4b25b33f1b3c4ce070a4,2026-09-10T18:54:40Z,1,,2ca7a971a52f4a69886651599982ac2a
spotify:track:2QjOHCTQ1Jl3zawyYOpxh6,7febabde978e4b25b33f1b3c4ce070a4,2026-09-10T18:54:40Z,1,,2ca7a971a52f4a69886651599982ac2a
spotify:track:6wdWtY9TSHJkJcqrZYXszh,7febabde978e4b25b33f1b3c4ce070a4,2026-09-10T18:54:40Z,1,,2ca7a971a52f4a69886651599982ac2a
spotify:track:76xbigvdKraJlrw0IupYWC,7febabde978e4b25b33f1b3c4ce070a4,2026-09-10T18:54:40Z,1,,2ca7a971a52f4a69886651599982ac2a
spotify:track:03EXmcOx7noiLAazPSooLt,8a2a836dc2854be1854b7897949c9d3a,2026-09-10T19:15:56Z,1,,2ca7a971a52f4a69886651599982ac2a
spotify:track:2VxeLyX666F8uXCJ0dZF8B,8a2a836dc2854be1854b7897949c9d3a,2026-09-10T19:15:56Z,1,,2ca7a971a52f4a69886651599982ac2a
spotify:track:4VwPsMcRt1HPVKIdcwY9Uj,8a2a836dc2854be1854b7897949c9d3a,2026-09-10T19:15:56Z,1,,2ca7a971a52f4a69886651599982ac2a
spotify:track:5a5WR72xhtIyEHj3Q8RKo1,8a2a836dc2854be1854b7897949c9d3a,2026-09-10T19:15:56Z,1,,2ca7a971a52f4a69886651599982ac2a
spotify:track:5N6M8yDiMV32T6Rkzh8EbW,8a2a836dc2854be1854b7897949c9d3a,2026-09-10T19:15:56Z,1,,2ca7a971a52f4a69886651599982ac2a
spotify:track:5O2P9iiztwhomNh8xkR9lJ,8a2a836dc2854be1854b7897949c9d3a,2026-09-10T19:15:56Z,1,,2ca7a971a52f4a69886651599982ac2a
spotify:track:22VHOlVYBqytsrAqV8yXBK,dc613e44e9b3492b86d9353ee09ecec1,2026-09-10T19:20:34Z,1,"I've never heard this song before but really liked it at first listen! 
",2ca7a971a52f4a69886651599982ac2a
spotify:track:2VxeLyX666F8uXCJ0dZF8B,dc613e44e9b3492b86d9353ee09ecec1,2026-09-10T19:20:34Z,1,"Such a great movie! And I think of it every time I hear this song
",2ca7a971a52f4a69886651599982ac2a
spotify:track:4qW3BbQAwZsrnu8a3ZRdyT,dc613e44e9b3492b86d9353ee09ecec1,2026-09-10T19:20:34Z,1,"New one for me and I loved it at first listen! 
",2ca7a971a52f4a69886651599982ac2a
spotify:track:5e9TFTbltYBg2xThimr0rU,dc613e44e9b3492b86d9353ee09ecec1,2026-09-10T19:20:34Z,1,"Such a Fleetwood Mac fan. This is a classic 
",2ca7a971a52f4a69886651599982ac2a
spotify:track:6Qyc6fS4DsZjB2mRW9DsQs,dc613e44e9b3492b86d9353ee09ecec1,2026-09-10T19:20:34Z,1,,2ca7a971a52f4a69886651599982ac2a
spotify:track:77NNZQSqzLNqh2A9JhLRkg,dc613e44e9b3492b86d9353ee09ecec1,2026-09-10T19:20:34Z,1,An 80's favorite (among many),2ca7a971a52f4a69886651599982ac2a
spotify:track:13xVnZKZDEGbmXkzBFpJDD,28f76d43a10844d7976d955087af964e,2026-09-10T19:54:56Z,1,,2ca7a971a52f4a69886651599982ac2a
spotify:track:76xbigvdKraJlrw0IupYWC,28f76d43a10844d7976d955087af964e,2026-09-10T19:54:56Z,1,,2ca7a971a52f4a69886651599982ac2a
spotify:track:6uNP8aOZphmhsYlOwRhNh1,28f76d43a10844d7976d955087af964e,2026-09-10T19:54:56Z,1,,2ca7a971a52f4a69886651599982ac2a
spotify:track:6EMynpZ10GVcwVqiLZj6Ye,28f76d43a10844d7976d955087af964e,2026-09-10T19:54:56Z,1,,2ca7a971a52f4a69886651599982ac2a
spotify:track:5e9TFTbltYBg2xThimr0rU,28f76d43a10844d7976d955087af964e,2026-09-10T19:54:56Z,1,,2ca7a971a52f4a69886651599982ac2a
spotify:track:1HbzxLqpNVPdiBXvpC7Ovb,28f76d43a10844d7976d955087af964e,2026-09-10T19:54:56Z,1,,2ca7a971a52f4a69886651599982ac2a
spotify:track:4qW3BbQAwZsrnu8a3ZRdyT,469a0a5e68c04d23adeff628e9d0ded9,2026-09-10T20:06:30Z,1,,2ca7a971a52f4a69886651599982ac2a
spotify:track:03EXmcOx7noiLAazPSooLt,469a0a5e68c04d23adeff628e9d0ded9,2026-09-10T20:06:30Z,1,,2ca7a971a52f4a69886651599982ac2a
spotify:track:0skYUMpS0AcbpjcGsAbRGj,469a0a5e68c04d23adeff628e9d0ded9,2026-09-10T20:06:30Z,1,,2ca7a971a52f4a69886651599982ac2a
spotify:track:22VHOlVYBqytsrAqV8yXBK,469a0a5e68c04d23adeff628e9d0ded9,2026-09-10T20:06:30Z,1,,2ca7a971a52f4a69886651599982ac2a
spotify:track:2QjOHCTQ1Jl3zawyYOpxh6,469a0a5e68c04d23adeff628e9d0ded9,2026-09-10T20:06:30Z,1,,2ca7a971a52f4a69886651599982ac2a
spotify:track:6Qyc6fS4DsZjB2mRW9DsQs,469a0a5e68c04d23adeff628e9d0ded9,2026-09-10T20:06:30Z,1,,2ca7a971a52f4a69886651599982ac2a
spotify:track:13xVnZKZDEGbmXkzBFpJDD,f1623ebc5b244ed2950c5cc6376f7ad3,2026-09-10T22:45:12Z,1,,2ca7a971a52f4a69886651599982ac2a
spotify:track:1Je1IMUlBXcx1Fz0WE7oPT,f1623ebc5b244ed2950c5cc6376f7ad3,2026-09-10T22:45:12Z,1,,2ca7a971a52f4a69886651599982ac2a
spotify:track:1KGi9sZVMeszgZOWivFpxs,f1623ebc5b244ed2950c5cc6376f7ad3,2026-09-10T22:45:12Z,1,,2ca7a971a52f4a69886651599982ac2a
spotify:track:1ve4UbmAdG0FsCwXkcYIPl,f1623ebc5b244ed2950c5cc6376f7ad3,2026-09-10T22:45:12Z,1,,2ca7a971a52f4a69886651599982ac2a
spotify:track:4VgEM12OeaN3GyBV487Me7,f1623ebc5b244ed2950c5cc6376f7ad3,2026-09-10T22:45:12Z,1,,2ca7a971a52f4a69886651599982ac2a
spotify:track:5N6M8yDiMV32T6Rkzh8EbW,f1623ebc5b244ed2950c5cc6376f7ad3,2026-09-10T22:45:12Z,1,,2ca7a971a52f4a69886651599982ac2a
spotify:track:4VgEM12OeaN3GyBV487Me7,9840733ed9ef4860b47a10d9a2e8f38d,2026-09-10T23:56:27Z,1,,2ca7a971a52f4a69886651599982ac2a
spotify:track:6EMynpZ10GVcwVqiLZj6Ye,9840733ed9ef4860b47a10d9a2e8f38d,2026-09-10T23:56:27Z,1,,2ca7a971a52f4a69886651599982ac2a
spotify:track:6Qyc6fS4DsZjB2mRW9DsQs,9840733ed9ef4860b47a10d9a2e8f38d,2026-09-10T23:56:27Z,1,,2ca7a971a52f4a69886651599982ac2a
spotify:track:6uNP8aOZphmhsYlOwRhNh1,9840733ed9ef4860b47a10d9a2e8f38d,2026-09-10T23:56:27Z,1,,2ca7a971a52f4a69886651599982ac2a
spotify:track:7tf64lNC31lWlTsih0nfZf,9840733ed9ef4860b47a10d9a2e8f38d,2026-09-10T23:56:27Z,2,,2ca7a971a52f4a69886651599982ac2a
spotify:track:13xVnZKZDEGbmXkzBFpJDD,b878145dc8d14e9aa4e69fe6c7d3aa04,2026-09-11T14:56:21Z,1,,2ca7a971a52f4a69886651599982ac2a
spotify:track:1ve4UbmAdG0FsCwXkcYIPl,b878145dc8d14e9aa4e69fe6c7d3aa04,2026-09-11T14:56:21Z,1,,2ca7a971a52f4a69886651599982ac2a
spotify:track:2QjOHCTQ1Jl3zawyYOpxh6,b878145dc8d14e9aa4e69fe6c7d3aa04,2026-09-11T14:56:21Z,1,,2ca7a971a52f4a69886651599982ac2a
spotify:track:2VxeLyX666F8uXCJ0dZF8B,b878145dc8d14e9aa4e69fe6c7d3aa04,2026-09-11T14:56:21Z,1,,2ca7a971a52f4a69886651599982ac2a
spotify:track:5O2P9iiztwhomNh8xkR9lJ,b878145dc8d14e9aa4e69fe6c7d3aa04,2026-09-11T14:56:21Z,1,,2ca7a971a52f4a69886651599982ac2a
spotify:track:6Qyc6fS4DsZjB2mRW9DsQs,b878145dc8d14e9aa4e69fe6c7d3aa04,2026-09-11T14:56:21Z,1,,2ca7a971a52f4a69886651599982ac2a
spotify:track:0nuneId81O8XGxUjSCL316,0289893897004e4d99e122238538bba6,2026-09-11T15:22:59Z,1,,2ca7a971a52f4a69886651599982ac2a
spotify:track:1KGi9sZVMeszgZOWivFpxs,0289893897004e4d99e122238538bba6,2026-09-11T15:22:59Z,1,,2ca7a971a52f4a69886651599982ac2a
spotify:track:1ve4UbmAdG0FsCwXkcYIPl,0289893897004e4d99e122238538bba6,2026-09-11T15:22:59Z,1,,2ca7a971a52f4a69886651599982ac2a
spotify:track:22VHOlVYBqytsrAqV8yXBK,0289893897004e4d99e122238538bba6,2026-09-11T15:22:59Z,1,,2ca7a971a52f4a69886651599982ac2a
spotify:track:2QjOHCTQ1Jl3zawyYOpxh6,0289893897004e4d99e122238538bba6,2026-09-11T15:22:59Z,1,,2ca7a971a52f4a69886651599982ac2a
spotify:track:77NNZQSqzLNqh2A9JhLRkg,0289893897004e4d99e122238538bba6,2026-09-11T15:22:59Z,1,,2ca7a971a52f4a69886651599982ac2a
spotify:track:0z1b34WikhOH9ZxU8QDWcv,161d56f264894586895605a877732998,2026-09-11T16:59:37Z,1,,2ca7a971a52f4a69886651599982ac2a
spotify:track:1HbzxLqpNVPdiBXvpC7Ovb,161d56f264894586895605a877732998,2026-09-11T16:59:37Z,1,"great song, great band!",2ca7a971a52f4a69886651599982ac2a
spotify:track:1hUgRKylrpLNBKjblt3ZW9,161d56f264894586895605a877732998,2026-09-11T16:59:37Z,1,,2ca7a971a52f4a69886651599982ac2a
spotify:track:2QjOHCTQ1Jl3zawyYOpxh6,161d56f264894586895605a877732998,2026-09-11T16:59:37Z,1,,2ca7a971a52f4a69886651599982ac2a
spotify:track:2S6yBUXa5KddBV0CqBkcP1,161d56f264894586895605a877732998,2026-09-11T16:59:37Z,1,,2ca7a971a52f4a69886651599982ac2a
spotify:track:6wdWtY9TSHJkJcqrZYXszh,161d56f264894586895605a877732998,2026-09-11T16:59:37Z,1,,2ca7a971a52f4a69886651599982ac2a
spotify:track:03EXmcOx7noiLAazPSooLt,34fdbc2aafb2460e9901991a50295d63,2026-09-11T17:43:33Z,1,,2ca7a971a52f4a69886651599982ac2a
spotify:track:13xVnZKZDEGbmXkzBFpJDD,34fdbc2aafb2460e9901991a50295d63,2026-09-11T17:43:33Z,1,,2ca7a971a52f4a69886651599982ac2a
spotify:track:6Qyc6fS4DsZjB2mRW9DsQs,34fdbc2aafb2460e9901991a50295d63,2026-09-11T17:43:33Z,1,,2ca7a971a52f4a69886651599982ac2a
spotify:track:6uNP8aOZphmhsYlOwRhNh1,34fdbc2aafb2460e9901991a50295d63,2026-09-11T17:43:33Z,1,,2ca7a971a52f4a69886651599982ac2a
spotify:track:7AclP0W2jy6yrbvBiC4prQ,34fdbc2aafb2460e9901991a50295d63,2026-09-11T17:43:33Z,1,,2ca7a971a52f4a69886651599982ac2a
spotify:track:7tf64lNC31lWlTsih0nfZf,34fdbc2aafb2460e9901991a50295d63,2026-09-11T17:43:33Z,1,,2ca7a971a52f4a69886651599982ac2a
spotify:track:1Sgj10byiGzPpI2IrXSFEn,ed4fd10ef61340839f0872b7cc1f2d90,2026-09-11T18:04:52Z,1,,2ca7a971a52f4a69886651599982ac2a
spotify:track:4VgEM12OeaN3GyBV487Me7,ed4fd10ef61340839f0872b7cc1f2d90,2026-09-11T18:04:52Z,1,,2ca7a971a52f4a69886651599982ac2a
spotify:track:62bOmKYxYg7dhrC6gH9vFn,ed4fd10ef61340839f0872b7cc1f2d90,2026-09-11T18:04:52Z,1,,2ca7a971a52f4a69886651599982ac2a
spotify:track:77NNZQSqzLNqh2A9JhLRkg,ed4fd10ef61340839f0872b7cc1f2d90,2026-09-11T18:04:52Z,1,,2ca7a971a52f4a69886651599982ac2a
spotify:track:7tf64lNC31lWlTsih0nfZf,ed4fd10ef61340839f0872b7cc1f2d90,2026-09-11T18:04:52Z,2,,2ca7a971a52f4a69886651599982ac2a
spotify:track:13xVnZKZDEGbmXkzBFpJDD,484868107474404f8cf31198a88d4538,2026-09-11T18:13:59Z,1,,2ca7a971a52f4a69886651599982ac2a
spotify:track:1FaFvYaqcgG2PpVSz4slue,484868107474404f8cf31198a88d4538,2026-09-11T18:13:59Z,1,"love the lone bellow, but hadn't heard this song before! ",2ca7a971a52f4a69886651599982ac2a
spotify:track:1HbzxLqpNVPdiBXvpC7Ovb,484868107474404f8cf31198a88d4538,2026-09-11T18:13:59Z,1,,2ca7a971a52f4a69886651599982ac2a
spotify:track:2S6yBUXa5KddBV0CqBkcP1,484868107474404f8cf31198a88d4538,2026-09-11T18:13:59Z,1,,2ca7a971a52f4a69886651599982ac2a
spotify:track:6EMynpZ10GVcwVqiLZj6Ye,484868107474404f8cf31198a88d4538,2026-09-11T18:13:59Z,1,,2ca7a971a52f4a69886651599982ac2a
spotify:track:6Qyc6fS4DsZjB2mRW9DsQs,484868107474404f8cf31198a88d4538,2026-09-11T18:13:59Z,1,,2ca7a971a52f4a69886651599982ac2a
spotify:track:7CZyCXKG6d5ALeq41sLzbw,3fca1344c8ea4df3aef395c9a840f591,2026-09-14T21:15:11Z,0,Super interesting combo here. Thank you for sharing!,dc7ff01ffb5941279b0443f81fb5022d
spotify:track:6nrSo5ZWhsai0oeX257rRF,3fca1344c8ea4df3aef395c9a840f591,2026-09-14T21:15:11Z,0,RIP to a legend,dc7ff01ffb5941279b0443f81fb5022d
spotify:track:14MgTooapmJdLlEMAr2zAM,3fca1344c8ea4df3aef395c9a840f591,2026-09-14T21:15:11Z,1,One of my first favorite songs. I still giggle when I think of Kelly Rowland texting in Excel 😂 ,dc7ff01ffb5941279b0443f81fb5022d
spotify:track:0MpQPb1hrwk4dPiyWEGmer,3fca1344c8ea4df3aef395c9a840f591,2026-09-14T21:15:11Z,1,,dc7ff01ffb5941279b0443f81fb5022d
spotify:track:6lV2MSQmRIkycDScNtrBXO,3fca1344c8ea4df3aef395c9a840f591,2026-09-14T21:15:11Z,1,,dc7ff01ffb5941279b0443f81fb5022d
spotify:track:6GPjo7NPabOKxdOR5zRl4I,3fca1344c8ea4df3aef395c9a840f591,2026-09-14T21:15:11Z,1,Never heard this one before but it hit me like a punch in the chest. Thank you for sharing. ,dc7ff01ffb5941279b0443f81fb5022d
spotify:track:4pvb0WLRcMtbPGmtejJJ6y,3fca1344c8ea4df3aef395c9a840f591,2026-09-14T21:15:11Z,2,"If I could (and if I wasn’t as competitive as I am) I would grant this song all points for this and all future categories for all time. One of the best written and best performed pieces of all time. Who elevates who here? Taylor Swift and Bon Iver are both absolute legends, it would be impossible to put one over the other. Bravo for submitting this one 👏 👏 👏 ",dc7ff01ffb5941279b0443f81fb5022d
spotify:track:5sNESr6pQfIhL3krM8CtZn,98ac3bad53394f2e96460de78cfd5bff,2026-09-15T00:39:03Z,1,,dc7ff01ffb5941279b0443f81fb5022d
spotify:track:0n2SEXB2qoRQg171q7XqeW,98ac3bad53394f2e96460de78cfd5bff,2026-09-15T00:39:03Z,1,,dc7ff01ffb5941279b0443f81fb5022d
spotify:track:69j0KoPJuwpnbGWrfn7Yll,98ac3bad53394f2e96460de78cfd5bff,2026-09-15T00:39:03Z,1,,dc7ff01ffb5941279b0443f81fb5022d
spotify:track:7GxM6m4nVNP5psFdngo79X,98ac3bad53394f2e96460de78cfd5bff,2026-09-15T00:39:03Z,1,,dc7ff01ffb5941279b0443f81fb5022d
spotify:track:7vS3Y0IKjde7Xg85LWIEdP,98ac3bad53394f2e96460de78cfd5bff,2026-09-15T00:39:03Z,1,,dc7ff01ffb5941279b0443f81fb5022d
spotify:track:15JINEqzVMv3SvJTAXAKED,98ac3bad53394f2e96460de78cfd5bff,2026-09-15T00:39:03Z,1,,dc7ff01ffb5941279b0443f81fb5022d
spotify:track:3Lk7RWStfLaHG7lXsuS87j,0cd5052e0f0a4e8fbce7e36e9d69e173,2026-09-15T12:37:31Z,1,Love this version,dc7ff01ffb5941279b0443f81fb5022d
spotify:track:0VaIsQoIQY10uxBrOyZ5cQ,0cd5052e0f0a4e8fbce7e36e9d69e173,2026-09-15T12:37:31Z,1,,dc7ff01ffb5941279b0443f81fb5022d
spotify:track:14MgTooapmJdLlEMAr2zAM,0cd5052e0f0a4e8fbce7e36e9d69e173,2026-09-15T12:37:31Z,1,,dc7ff01ffb5941279b0443f81fb5022d
spotify:track:1vhbThkFnqAHbZp0fEjXE4,0cd5052e0f0a4e8fbce7e36e9d69e173,2026-09-15T12:37:31Z,1,,dc7ff01ffb5941279b0443f81fb5022d
spotify:track:6nrSo5ZWhsai0oeX257rRF,0cd5052e0f0a4e8fbce7e36e9d69e173,2026-09-15T12:37:31Z,1,RIP Dolly,dc7ff01ffb5941279b0443f81fb5022d
spotify:track:2YpeDb67231RjR0MgVLzsG,0cd5052e0f0a4e8fbce7e36e9d69e173,2026-09-15T12:37:31Z,1,,dc7ff01ffb5941279b0443f81fb5022d
spotify:track:0qOnSQQF0yzuPWsXrQ9paz,bb05308ddb1c492ea743079835c5b788,2026-09-15T13:07:24Z,1,,dc7ff01ffb5941279b0443f81fb5022d
spotify:track:7MZHqgTVTnN6xZGYAcEEAf,bb05308ddb1c492ea743079835c5b788,2026-09-15T13:07:24Z,2,,dc7ff01ffb5941279b0443f81fb5022d
spotify:track:2nrG5UtAcqXbYttu7MXP1p,bb05308ddb1c492ea743079835c5b788,2026-09-15T13:07:24Z,3,,dc7ff01ffb5941279b0443f81fb5022d
spotify:track:2mKouqwAIdQnMP43zxR89r,bd72e5a1559748218511b4d60247bbb4,2026-09-15T13:35:00Z,1,,dc7ff01ffb5941279b0443f81fb5022d
spotify:track:2YpeDb67231RjR0MgVLzsG,bd72e5a1559748218511b4d60247bbb4,2026-09-15T13:35:00Z,1,,dc7ff01ffb5941279b0443f81fb5022d
spotify:track:4cKyHIo4oIZTLW5MujF9nL,bd72e5a1559748218511b4d60247bbb4,2026-09-15T13:35:00Z,1,,dc7ff01ffb5941279b0443f81fb5022d
spotify:track:5IVuqXILoxVWvWEPm82Jxr,bd72e5a1559748218511b4d60247bbb4,2026-09-15T13:35:00Z,1,,dc7ff01ffb5941279b0443f81fb5022d
spotify:track:0n2SEXB2qoRQg171q7XqeW,bd72e5a1559748218511b4d60247bbb4,2026-09-15T13:35:00Z,1,was thinking of submitting this one!,dc7ff01ffb5941279b0443f81fb5022d
spotify:track:14MgTooapmJdLlEMAr2zAM,bd72e5a1559748218511b4d60247bbb4,2026-09-15T13:35:00Z,1,The shot of Kelly using Excel in this music video ... she's just like us!,dc7ff01ffb5941279b0443f81fb5022d
spotify:track:7vS3Y0IKjde7Xg85LWIEdP,6afc77567dc5471f9b4d35dd7d5aada2,2026-09-15T14:21:29Z,1,,dc7ff01ffb5941279b0443f81fb5022d
spotify:track:7nYvUtkQMx1v80S2FH2s9J,6afc77567dc5471f9b4d35dd7d5aada2,2026-09-15T14:21:29Z,1,,dc7ff01ffb5941279b0443f81fb5022d
spotify:track:7K1BLb6MpvKuGEPpHw35mO,6afc77567dc5471f9b4d35dd7d5aada2,2026-09-15T14:21:29Z,1,,dc7ff01ffb5941279b0443f81fb5022d
spotify:track:5aVBxVa0kz9uzv0F4gwdEn,6afc77567dc5471f9b4d35dd7d5aada2,2026-09-15T14:21:29Z,1,,dc7ff01ffb5941279b0443f81fb5022d
spotify:track:3cHyrEgdyYRjgJKSOiOtcS,6afc77567dc5471f9b4d35dd7d5aada2,2026-09-15T14:21:29Z,1,,dc7ff01ffb5941279b0443f81fb5022d
spotify:track:0n2SEXB2qoRQg171q7XqeW,6afc77567dc5471f9b4d35dd7d5aada2,2026-09-15T14:21:29Z,1,,dc7ff01ffb5941279b0443f81fb5022d
spotify:track:2nrG5UtAcqXbYttu7MXP1p,21e63470f218499f8140c964da24800a,2026-09-15T14:47:10Z,2,"2 points for my ""objectively this song will stand the test of time"" and also watched Sing about 100 times with my son and the re-building the theatre montage has all the feels.",dc7ff01ffb5941279b0443f81fb5022d
spotify:track:2mKouqwAIdQnMP43zxR89r,21e63470f218499f8140c964da24800a,2026-09-15T14:47:10Z,0,So hard for me to not give a point. I vote only on top 3 and this just fell outside. So much nostalgia.,dc7ff01ffb5941279b0443f81fb5022d
spotify:track:14MgTooapmJdLlEMAr2zAM,21e63470f218499f8140c964da24800a,2026-09-15T14:47:10Z,0,There is so much to unpack in this song. It genuinely cracks me up. It is batshit crazy. Let's discuss more.,dc7ff01ffb5941279b0443f81fb5022d
spotify:track:7nYvUtkQMx1v80S2FH2s9J,21e63470f218499f8140c964da24800a,2026-09-15T14:47:10Z,0,Wish I had points left! True classic.,dc7ff01ffb5941279b0443f81fb5022d
spotify:track:5IVuqXILoxVWvWEPm82Jxr,21e63470f218499f8140c964da24800a,2026-09-15T14:47:10Z,3,I'm expecting this is a runaway winner this week! There should be only 1 winner. 3 points. ,dc7ff01ffb5941279b0443f81fb5022d
spotify:track:4pvb0WLRcMtbPGmtejJJ6y,21e63470f218499f8140c964da24800a,2026-09-15T14:47:10Z,1,1 point for this song reminds me a lot of my 2021 summer roadtrip. We listened to a lot of Taylor that summer and this was one of my favorites.,dc7ff01ffb5941279b0443f81fb5022d
spotify:track:5sNESr6pQfIhL3krM8CtZn,833da065c575491d9e6dc592364c6eac,2026-09-15T14:53:09Z,1,,dc7ff01ffb5941279b0443f81fb5022d
spotify:track:0n2SEXB2qoRQg171q7XqeW,833da065c575491d9e6dc592364c6eac,2026-09-15T14:53:09Z,2,,dc7ff01ffb5941279b0443f81fb5022d
spotify:track:2nrG5UtAcqXbYttu7MXP1p,833da065c575491d9e6dc592364c6eac,2026-09-15T14:53:09Z,3,,dc7ff01ffb5941279b0443f81fb5022d
spotify:track:1X1DWw2pcNZ8zSub3uhlNz,82c07b6dae6e444fa2fa1b4663d71b02,2026-09-15T17:48:11Z,1,,dc7ff01ffb5941279b0443f81fb5022d
spotify:track:15JINEqzVMv3SvJTAXAKED,82c07b6dae6e444fa2fa1b4663d71b02,2026-09-15T17:48:11Z,1,,dc7ff01ffb5941279b0443f81fb5022d
spotify:track:0n2SEXB2qoRQg171q7XqeW,82c07b6dae6e444fa2fa1b4663d71b02,2026-09-15T17:48:11Z,1,,dc7ff01ffb5941279b0443f81fb5022d
spotify:track:6lV2MSQmRIkycDScNtrBXO,82c07b6dae6e444fa2fa1b4663d71b02,2026-09-15T17:48:11Z,1,,dc7ff01ffb5941279b0443f81fb5022d
spotify:track:5sNESr6pQfIhL3krM8CtZn,82c07b6dae6e444fa2fa1b4663d71b02,2026-09-15T17:48:11Z,1,Hadn’t heard this one before… grew up on linkin park! Loved this ,dc7ff01ffb5941279b0443f81fb5022d
spotify:track:3cHyrEgdyYRjgJKSOiOtcS,82c07b6dae6e444fa2fa1b4663d71b02,2026-09-15T17:48:11Z,1,,dc7ff01ffb5941279b0443f81fb5022d
spotify:track:15JINEqzVMv3SvJTAXAKED,708285d89baf4ff094731436003a4bf2,2026-09-15T18:04:35Z,1,,dc7ff01ffb5941279b0443f81fb5022d
spotify:track:7GxM6m4nVNP5psFdngo79X,708285d89baf4ff094731436003a4bf2,2026-09-15T18:04:35Z,1,Andrea Bocelli is a king,dc7ff01ffb5941279b0443f81fb5022d
spotify:track:73W5aXorr5vxrySFcoZqIN,708285d89baf4ff094731436003a4bf2,2026-09-15T18:04:35Z,1,I LOVE this song,dc7ff01ffb5941279b0443f81fb5022d
spotify:track:6jrhUCf1gXTBE4WEpaEQrI,708285d89baf4ff094731436003a4bf2,2026-09-15T18:04:35Z,1,,dc7ff01ffb5941279b0443f81fb5022d
spotify:track:5sNESr6pQfIhL3krM8CtZn,708285d89baf4ff094731436003a4bf2,2026-09-15T18:04:35Z,1,Ultimate high school soccer pre-game song>>>,dc7ff01ffb5941279b0443f81fb5022d
spotify:track:37BZB0z9T8Xu7U3e65qxFy,708285d89baf4ff094731436003a4bf2,2026-09-15T18:04:35Z,1,,dc7ff01ffb5941279b0443f81fb5022d
spotify:track:4pvb0WLRcMtbPGmtejJJ6y,545b798c57364c278826c2847d610a2e,2026-09-15T20:42:02Z,1,"i love the delayed call and response at the end of this song so much, gets me every time",dc7ff01ffb5941279b0443f81fb5022d
spotify:track:4cKyHIo4oIZTLW5MujF9nL,545b798c57364c278826c2847d610a2e,2026-09-15T20:42:02Z,1,"so fun, hadn't heard it",dc7ff01ffb5941279b0443f81fb5022d
spotify:track:37BZB0z9T8Xu7U3e65qxFy,545b798c57364c278826c2847d610a2e,2026-09-15T20:42:02Z,1,i was going to submit this!,dc7ff01ffb5941279b0443f81fb5022d
spotify:track:0VaIsQoIQY10uxBrOyZ5cQ,545b798c57364c278826c2847d610a2e,2026-09-15T20:42:02Z,1,love love love,dc7ff01ffb5941279b0443f81fb5022d
spotify:track:0n2SEXB2qoRQg171q7XqeW,545b798c57364c278826c2847d610a2e,2026-09-15T20:42:02Z,1,,dc7ff01ffb5941279b0443f81fb5022d
spotify:track:6nrSo5ZWhsai0oeX257rRF,545b798c57364c278826c2847d610a2e,2026-09-15T20:42:02Z,1,i love this song & RIP Dolly <3,dc7ff01ffb5941279b0443f81fb5022d
spotify:track:6jrhUCf1gXTBE4WEpaEQrI,545b798c57364c278826c2847d610a2e,2026-09-15T20:42:02Z,0,honorable mention for me on this one,dc7ff01ffb5941279b0443f81fb5022d
spotify:track:7MZHqgTVTnN6xZGYAcEEAf,78f2c8efbf7248d285c45d9cbe080197,2026-09-15T22:03:52Z,1,,dc7ff01ffb5941279b0443f81fb5022d
spotify:track:6nrSo5ZWhsai0oeX257rRF,78f2c8efbf7248d285c45d9cbe080197,2026-09-15T22:03:52Z,1,,dc7ff01ffb5941279b0443f81fb5022d
spotify:track:6jrhUCf1gXTBE4WEpaEQrI,78f2c8efbf7248d285c45d9cbe080197,2026-09-15T22:03:52Z,1,,dc7ff01ffb5941279b0443f81fb5022d
spotify:track:6GPjo7NPabOKxdOR5zRl4I,78f2c8efbf7248d285c45d9cbe080197,2026-09-15T22:03:52Z,1,,dc7ff01ffb5941279b0443f81fb5022d
spotify:track:14MgTooapmJdLlEMAr2zAM,78f2c8efbf7248d285c45d9cbe080197,2026-09-15T22:03:52Z,1,,dc7ff01ffb5941279b0443f81fb5022d
spotify:track:0n2SEXB2qoRQg171q7XqeW,78f2c8efbf7248d285c45d9cbe080197,2026-09-15T22:03:52Z,1,,dc7ff01ffb5941279b0443f81fb5022d
spotify:track:4pvb0WLRcMtbPGmtejJJ6y,28f76d43a10844d7976d955087af964e,2026-09-15T22:42:18Z,1,,dc7ff01ffb5941279b0443f81fb5022d
spotify:track:69j0KoPJuwpnbGWrfn7Yll,28f76d43a10844d7976d955087af964e,2026-09-15T22:42:18Z,1,,dc7ff01ffb5941279b0443f81fb5022d
spotify:track:6lV2MSQmRIkycDScNtrBXO,28f76d43a10844d7976d955087af964e,2026-09-15T22:42:18Z,1,,dc7ff01ffb5941279b0443f81fb5022d
spotify:track:0puf9yIluy9W0vpMEUoAnN,28f76d43a10844d7976d955087af964e,2026-09-15T22:42:18Z,1,,dc7ff01ffb5941279b0443f81fb5022d
spotify:track:15JINEqzVMv3SvJTAXAKED,28f76d43a10844d7976d955087af964e,2026-09-15T22:42:18Z,1,,dc7ff01ffb5941279b0443f81fb5022d
spotify:track:5IVuqXILoxVWvWEPm82Jxr,28f76d43a10844d7976d955087af964e,2026-09-15T22:42:18Z,1,,dc7ff01ffb5941279b0443f81fb5022d
spotify:track:14MgTooapmJdLlEMAr2zAM,a72c861d0c7e4d1da56fde1beb2b0571,2026-09-15T22:55:01Z,1,,dc7ff01ffb5941279b0443f81fb5022d
spotify:track:2mKouqwAIdQnMP43zxR89r,a72c861d0c7e4d1da56fde1beb2b0571,2026-09-15T22:55:01Z,1,,dc7ff01ffb5941279b0443f81fb5022d
spotify:track:3cHyrEgdyYRjgJKSOiOtcS,a72c861d0c7e4d1da56fde1beb2b0571,2026-09-15T22:55:01Z,1,,dc7ff01ffb5941279b0443f81fb5022d
spotify:track:4cKyHIo4oIZTLW5MujF9nL,a72c861d0c7e4d1da56fde1beb2b0571,2026-09-15T22:55:01Z,1,,dc7ff01ffb5941279b0443f81fb5022d
spotify:track:5sNESr6pQfIhL3krM8CtZn,a72c861d0c7e4d1da56fde1beb2b0571,2026-09-15T22:55:01Z,1,,dc7ff01ffb5941279b0443f81fb5022d
spotify:track:6nrSo5ZWhsai0oeX257rRF,a72c861d0c7e4d1da56fde1beb2b0571,2026-09-15T22:55:01Z,1,,dc7ff01ffb5941279b0443f81fb5022d
spotify:track:7MZHqgTVTnN6xZGYAcEEAf,913b7d1f8c384fa8809d2f72f4bac744,2026-09-15T23:11:52Z,1,This one understood the assignment - good song that gets elevated by Olivia Dean,dc7ff01ffb5941279b0443f81fb5022d
spotify:track:69zgVn6XO4OWlXaVobQNQt,913b7d1f8c384fa8809d2f72f4bac744,2026-09-15T23:11:52Z,1,,dc7ff01ffb5941279b0443f81fb5022d
spotify:track:5IVuqXILoxVWvWEPm82Jxr,913b7d1f8c384fa8809d2f72f4bac744,2026-09-15T23:11:52Z,1,,dc7ff01ffb5941279b0443f81fb5022d
spotify:track:37BZB0z9T8Xu7U3e65qxFy,913b7d1f8c384fa8809d2f72f4bac744,2026-09-15T23:11:52Z,1,,dc7ff01ffb5941279b0443f81fb5022d
spotify:track:4Lvc9SbPc0svm9TEoMgFzB,913b7d1f8c384fa8809d2f72f4bac744,2026-09-15T23:11:52Z,2,Somehow Timbaland outdid his Pony sample with this one,dc7ff01ffb5941279b0443f81fb5022d
spotify:track:73W5aXorr5vxrySFcoZqIN,b878145dc8d14e9aa4e69fe6c7d3aa04,2026-09-15T23:13:42Z,1,,dc7ff01ffb5941279b0443f81fb5022d
spotify:track:6yIaRllz0lCXuISYsqyCNH,b878145dc8d14e9aa4e69fe6c7d3aa04,2026-09-15T23:13:42Z,1,,dc7ff01ffb5941279b0443f81fb5022d
spotify:track:6GPjo7NPabOKxdOR5zRl4I,b878145dc8d14e9aa4e69fe6c7d3aa04,2026-09-15T23:13:42Z,1,,dc7ff01ffb5941279b0443f81fb5022d
spotify:track:5eXgqtg3T8Av0m1FUaGHex,b878145dc8d14e9aa4e69fe6c7d3aa04,2026-09-15T23:13:42Z,1,,dc7ff01ffb5941279b0443f81fb5022d
spotify:track:4pvb0WLRcMtbPGmtejJJ6y,b878145dc8d14e9aa4e69fe6c7d3aa04,2026-09-15T23:13:42Z,1,,dc7ff01ffb5941279b0443f81fb5022d
spotify:track:7MZHqgTVTnN6xZGYAcEEAf,b878145dc8d14e9aa4e69fe6c7d3aa04,2026-09-15T23:13:42Z,1,,dc7ff01ffb5941279b0443f81fb5022d
spotify:track:0n2SEXB2qoRQg171q7XqeW,383a348e97c84dfbbc3169ca98067699,2026-09-16T02:49:13Z,1,,dc7ff01ffb5941279b0443f81fb5022d
spotify:track:5aVBxVa0kz9uzv0F4gwdEn,383a348e97c84dfbbc3169ca98067699,2026-09-16T02:49:13Z,2,,dc7ff01ffb5941279b0443f81fb5022d
spotify:track:7GxM6m4nVNP5psFdngo79X,383a348e97c84dfbbc3169ca98067699,2026-09-16T02:49:13Z,2,,dc7ff01ffb5941279b0443f81fb5022d
spotify:track:2x0WlnmfG39ZuDmstl9xfX,383a348e97c84dfbbc3169ca98067699,2026-09-16T02:49:13Z,1,,dc7ff01ffb5941279b0443f81fb5022d
spotify:track:15JINEqzVMv3SvJTAXAKED,39eb585b1675462e87bddfacf8024c73,2026-09-16T10:49:19Z,1,,dc7ff01ffb5941279b0443f81fb5022d
spotify:track:0qOnSQQF0yzuPWsXrQ9paz,39eb585b1675462e87bddfacf8024c73,2026-09-16T10:49:19Z,2,,dc7ff01ffb5941279b0443f81fb5022d
spotify:track:6lV2MSQmRIkycDScNtrBXO,39eb585b1675462e87bddfacf8024c73,2026-09-16T10:49:19Z,1,,dc7ff01ffb5941279b0443f81fb5022d
spotify:track:37BZB0z9T8Xu7U3e65qxFy,39eb585b1675462e87bddfacf8024c73,2026-09-16T10:49:19Z,1,,dc7ff01ffb5941279b0443f81fb5022d
spotify:track:2x0WlnmfG39ZuDmstl9xfX,39eb585b1675462e87bddfacf8024c73,2026-09-16T10:49:19Z,1,,dc7ff01ffb5941279b0443f81fb5022d
spotify:track:2gam98EZKrF9XuOkU13ApN,5d65669cbe4a4fcaadb47fb3ebbf2155,2026-09-16T12:20:15Z,1,,dc7ff01ffb5941279b0443f81fb5022d
spotify:track:5sNESr6pQfIhL3krM8CtZn,5d65669cbe4a4fcaadb47fb3ebbf2155,2026-09-16T12:20:15Z,1,,dc7ff01ffb5941279b0443f81fb5022d
spotify:track:1vhbThkFnqAHbZp0fEjXE4,5d65669cbe4a4fcaadb47fb3ebbf2155,2026-09-16T12:20:15Z,1,I almost submitted this. One of my absolute favorite songs!,dc7ff01ffb5941279b0443f81fb5022d
spotify:track:0VaIsQoIQY10uxBrOyZ5cQ,5d65669cbe4a4fcaadb47fb3ebbf2155,2026-09-16T12:20:15Z,1,I forgot about this gem! Thank you!!!,dc7ff01ffb5941279b0443f81fb5022d
spotify:track:7GxM6m4nVNP5psFdngo79X,5d65669cbe4a4fcaadb47fb3ebbf2155,2026-09-16T12:20:15Z,1,This is awesome! Didn’t know this existed!,dc7ff01ffb5941279b0443f81fb5022d
spotify:track:6yIaRllz0lCXuISYsqyCNH,5d65669cbe4a4fcaadb47fb3ebbf2155,2026-09-16T12:20:15Z,1,,dc7ff01ffb5941279b0443f81fb5022d
spotify:track:5IVuqXILoxVWvWEPm82Jxr,d7fc034cdd4f4f00adfeb0cfe0718e55,2026-09-16T12:30:04Z,1,,dc7ff01ffb5941279b0443f81fb5022d
spotify:track:3cHyrEgdyYRjgJKSOiOtcS,d7fc034cdd4f4f00adfeb0cfe0718e55,2026-09-16T12:30:04Z,1,,dc7ff01ffb5941279b0443f81fb5022d
spotify:track:2mKouqwAIdQnMP43zxR89r,d7fc034cdd4f4f00adfeb0cfe0718e55,2026-09-16T12:30:04Z,2,,dc7ff01ffb5941279b0443f81fb5022d
spotify:track:2gam98EZKrF9XuOkU13ApN,d7fc034cdd4f4f00adfeb0cfe0718e55,2026-09-16T12:30:04Z,1,,dc7ff01ffb5941279b0443f81fb5022d
spotify:track:14MgTooapmJdLlEMAr2zAM,d7fc034cdd4f4f00adfeb0cfe0718e55,2026-09-16T12:30:04Z,1,,dc7ff01ffb5941279b0443f81fb5022d
spotify:track:15JINEqzVMv3SvJTAXAKED,f1623ebc5b244ed2950c5cc6376f7ad3,2026-09-16T12:52:39Z,1,,dc7ff01ffb5941279b0443f81fb5022d
spotify:track:4pvb0WLRcMtbPGmtejJJ6y,f1623ebc5b244ed2950c5cc6376f7ad3,2026-09-16T12:52:39Z,1,,dc7ff01ffb5941279b0443f81fb5022d
spotify:track:4Lvc9SbPc0svm9TEoMgFzB,f1623ebc5b244ed2950c5cc6376f7ad3,2026-09-16T12:52:39Z,1,,dc7ff01ffb5941279b0443f81fb5022d
spotify:track:1X1DWw2pcNZ8zSub3uhlNz,f1623ebc5b244ed2950c5cc6376f7ad3,2026-09-16T12:52:39Z,1,,dc7ff01ffb5941279b0443f81fb5022d
spotify:track:1MwhjvmxOhPTgs4BuHFP8t,f1623ebc5b244ed2950c5cc6376f7ad3,2026-09-16T12:52:39Z,1,,dc7ff01ffb5941279b0443f81fb5022d
spotify:track:2YpeDb67231RjR0MgVLzsG,f1623ebc5b244ed2950c5cc6376f7ad3,2026-09-16T12:52:39Z,1,,dc7ff01ffb5941279b0443f81fb5022d
spotify:track:0MpQPb1hrwk4dPiyWEGmer,ce3c42e513a049bbb5fe55cfa5b73111,2026-09-16T13:17:22Z,1,,dc7ff01ffb5941279b0443f81fb5022d
spotify:track:69j0KoPJuwpnbGWrfn7Yll,ce3c42e513a049bbb5fe55cfa5b73111,2026-09-16T13:17:22Z,1,,dc7ff01ffb5941279b0443f81fb5022d
spotify:track:5eXgqtg3T8Av0m1FUaGHex,ce3c42e513a049bbb5fe55cfa5b73111,2026-09-16T13:17:22Z,1,,dc7ff01ffb5941279b0443f81fb5022d
spotify:track:4Lvc9SbPc0svm9TEoMgFzB,ce3c42e513a049bbb5fe55cfa5b73111,2026-09-16T13:17:22Z,1,I,dc7ff01ffb5941279b0443f81fb5022d
spotify:track:15JINEqzVMv3SvJTAXAKED,ce3c42e513a049bbb5fe55cfa5b73111,2026-09-16T13:17:22Z,1,,dc7ff01ffb5941279b0443f81fb5022d
spotify:track:6lV2MSQmRIkycDScNtrBXO,ce3c42e513a049bbb5fe55cfa5b73111,2026-09-16T13:17:22Z,1,,dc7ff01ffb5941279b0443f81fb5022d
spotify:track:69zgVn6XO4OWlXaVobQNQt,a8d1615e794348c3b4c3bb71da0ed65e,2026-09-16T14:26:33Z,2,I can't stop listening to this song. It left me wanting MORE. ,dc7ff01ffb5941279b0443f81fb5022d
spotify:track:7GxM6m4nVNP5psFdngo79X,a8d1615e794348c3b4c3bb71da0ed65e,2026-09-16T14:26:33Z,1,Perfect is a great song for a featured artist. Beyonce's Duet version is also fab!,dc7ff01ffb5941279b0443f81fb5022d
spotify:track:7CZyCXKG6d5ALeq41sLzbw,a8d1615e794348c3b4c3bb71da0ed65e,2026-09-16T14:26:33Z,0,Something about Postie and Ozzy works so nicely on this track. ,dc7ff01ffb5941279b0443f81fb5022d
spotify:track:73W5aXorr5vxrySFcoZqIN,a8d1615e794348c3b4c3bb71da0ed65e,2026-09-16T14:26:33Z,0,"I liked it, but as a non-Swiftie I would have loved to hear even more of BRM on this one. ",dc7ff01ffb5941279b0443f81fb5022d
spotify:track:6yIaRllz0lCXuISYsqyCNH,a8d1615e794348c3b4c3bb71da0ed65e,2026-09-16T14:26:33Z,0,I'm on an Ella Langley kick lately. If I had more points this one would have been next for me. ,dc7ff01ffb5941279b0443f81fb5022d
spotify:track:6nrSo5ZWhsai0oeX257rRF,a8d1615e794348c3b4c3bb71da0ed65e,2026-09-16T14:26:33Z,1,Dolly took this song up a notch. ,dc7ff01ffb5941279b0443f81fb5022d
spotify:track:6lV2MSQmRIkycDScNtrBXO,a8d1615e794348c3b4c3bb71da0ed65e,2026-09-16T14:26:33Z,0,I used to listen to this on repeat when it came out. ,dc7ff01ffb5941279b0443f81fb5022d
spotify:track:0puf9yIluy9W0vpMEUoAnN,a8d1615e794348c3b4c3bb71da0ed65e,2026-09-16T14:26:33Z,0,Great dancing in the kitchen jam. ,dc7ff01ffb5941279b0443f81fb5022d
spotify:track:0qOnSQQF0yzuPWsXrQ9paz,a8d1615e794348c3b4c3bb71da0ed65e,2026-09-16T14:26:33Z,0,I didn't have this on my Nano! ;),dc7ff01ffb5941279b0443f81fb5022d
spotify:track:4pvb0WLRcMtbPGmtejJJ6y,a8d1615e794348c3b4c3bb71da0ed65e,2026-09-16T14:26:33Z,2,Bon Iver TOOK THIS! Mic drop. Not a huge TSwift fan but this song got me through a tough time. Takes the cake for me. ,dc7ff01ffb5941279b0443f81fb5022d
spotify:track:2nrG5UtAcqXbYttu7MXP1p,ed4fd10ef61340839f0872b7cc1f2d90,2026-09-16T17:07:32Z,1,,dc7ff01ffb5941279b0443f81fb5022d
spotify:track:2YpeDb67231RjR0MgVLzsG,ed4fd10ef61340839f0872b7cc1f2d90,2026-09-16T17:07:32Z,1,,dc7ff01ffb5941279b0443f81fb5022d
spotify:track:5sNESr6pQfIhL3krM8CtZn,ed4fd10ef61340839f0872b7cc1f2d90,2026-09-16T17:07:32Z,1,,dc7ff01ffb5941279b0443f81fb5022d
spotify:track:7nYvUtkQMx1v80S2FH2s9J,ed4fd10ef61340839f0872b7cc1f2d90,2026-09-16T17:07:32Z,1,,dc7ff01ffb5941279b0443f81fb5022d
spotify:track:7CZyCXKG6d5ALeq41sLzbw,ed4fd10ef61340839f0872b7cc1f2d90,2026-09-16T17:07:32Z,1,,dc7ff01ffb5941279b0443f81fb5022d
spotify:track:0n2SEXB2qoRQg171q7XqeW,ed4fd10ef61340839f0872b7cc1f2d90,2026-09-16T17:07:32Z,1,,dc7ff01ffb5941279b0443f81fb5022d
spotify:track:5aVBxVa0kz9uzv0F4gwdEn,469a0a5e68c04d23adeff628e9d0ded9,2026-09-16T21:06:51Z,1,,dc7ff01ffb5941279b0443f81fb5022d
spotify:track:15JINEqzVMv3SvJTAXAKED,469a0a5e68c04d23adeff628e9d0ded9,2026-09-16T21:06:51Z,1,,dc7ff01ffb5941279b0443f81fb5022d
spotify:track:4cKyHIo4oIZTLW5MujF9nL,469a0a5e68c04d23adeff628e9d0ded9,2026-09-16T21:06:51Z,1,,dc7ff01ffb5941279b0443f81fb5022d
spotify:track:4pvb0WLRcMtbPGmtejJJ6y,469a0a5e68c04d23adeff628e9d0ded9,2026-09-16T21:06:51Z,1,,dc7ff01ffb5941279b0443f81fb5022d
spotify:track:6GPjo7NPabOKxdOR5zRl4I,469a0a5e68c04d23adeff628e9d0ded9,2026-09-16T21:06:51Z,1,,dc7ff01ffb5941279b0443f81fb5022d
spotify:track:7MZHqgTVTnN6xZGYAcEEAf,469a0a5e68c04d23adeff628e9d0ded9,2026-09-16T21:06:51Z,1,,dc7ff01ffb5941279b0443f81fb5022d
spotify:track:15JINEqzVMv3SvJTAXAKED,d48ed6f1619c4de099fff6b4158b3da7,2026-09-17T02:59:05Z,1,I almost submitted this one too so gets my vote :),dc7ff01ffb5941279b0443f81fb5022d
spotify:track:7vS3Y0IKjde7Xg85LWIEdP,d48ed6f1619c4de099fff6b4158b3da7,2026-09-17T02:59:05Z,1,,dc7ff01ffb5941279b0443f81fb5022d
spotify:track:6GPjo7NPabOKxdOR5zRl4I,d48ed6f1619c4de099fff6b4158b3da7,2026-09-17T02:59:05Z,1,,dc7ff01ffb5941279b0443f81fb5022d
spotify:track:5sNESr6pQfIhL3krM8CtZn,d48ed6f1619c4de099fff6b4158b3da7,2026-09-17T02:59:05Z,1,,dc7ff01ffb5941279b0443f81fb5022d
spotify:track:2mKouqwAIdQnMP43zxR89r,d48ed6f1619c4de099fff6b4158b3da7,2026-09-17T02:59:05Z,1,,dc7ff01ffb5941279b0443f81fb5022d
spotify:track:2gam98EZKrF9XuOkU13ApN,d48ed6f1619c4de099fff6b4158b3da7,2026-09-17T02:59:05Z,1,,dc7ff01ffb5941279b0443f81fb5022d
spotify:track:15JINEqzVMv3SvJTAXAKED,dc613e44e9b3492b86d9353ee09ecec1,2026-09-17T14:22:48Z,1,Such a great duo ,dc7ff01ffb5941279b0443f81fb5022d
spotify:track:7CZyCXKG6d5ALeq41sLzbw,dc613e44e9b3492b86d9353ee09ecec1,2026-09-17T14:22:48Z,1,,dc7ff01ffb5941279b0443f81fb5022d
spotify:track:6GPjo7NPabOKxdOR5zRl4I,dc613e44e9b3492b86d9353ee09ecec1,2026-09-17T14:22:48Z,1,,dc7ff01ffb5941279b0443f81fb5022d
spotify:track:6D3TI6EZuPtdJZyejGuesp,dc613e44e9b3492b86d9353ee09ecec1,2026-09-17T14:22:48Z,1,so good! adding to my gym inspo playlist ,dc7ff01ffb5941279b0443f81fb5022d
spotify:track:5sNESr6pQfIhL3krM8CtZn,dc613e44e9b3492b86d9353ee09ecec1,2026-09-17T14:22:48Z,1,,dc7ff01ffb5941279b0443f81fb5022d
spotify:track:1X1DWw2pcNZ8zSub3uhlNz,dc613e44e9b3492b86d9353ee09ecec1,2026-09-17T14:22:48Z,1,,dc7ff01ffb5941279b0443f81fb5022d
spotify:track:7MZHqgTVTnN6xZGYAcEEAf,8fc1dc71014e405da1c76d2fc096a6d6,2026-09-17T15:04:30Z,0,Such a great track,dc7ff01ffb5941279b0443f81fb5022d
spotify:track:0MpQPb1hrwk4dPiyWEGmer,8fc1dc71014e405da1c76d2fc096a6d6,2026-09-17T15:04:30Z,1,"Enjoyed this track quite a bit, take a point",dc7ff01ffb5941279b0443f81fb5022d
spotify:track:0n2SEXB2qoRQg171q7XqeW,8fc1dc71014e405da1c76d2fc096a6d6,2026-09-17T15:04:30Z,1,"100% worth a point, this song was so legendary when it dropped",dc7ff01ffb5941279b0443f81fb5022d
spotify:track:2gam98EZKrF9XuOkU13ApN,8fc1dc71014e405da1c76d2fc096a6d6,2026-09-17T15:04:30Z,0,Such a hot track back in the day,dc7ff01ffb5941279b0443f81fb5022d
spotify:track:2mKouqwAIdQnMP43zxR89r,8fc1dc71014e405da1c76d2fc096a6d6,2026-09-17T15:04:30Z,0,This coming right after Promiscuous was so fitting,dc7ff01ffb5941279b0443f81fb5022d
spotify:track:2nrG5UtAcqXbYttu7MXP1p,8fc1dc71014e405da1c76d2fc096a6d6,2026-09-17T15:04:30Z,1,Okay fine take a point for this legendary feature,dc7ff01ffb5941279b0443f81fb5022d
spotify:track:37BZB0z9T8Xu7U3e65qxFy,8fc1dc71014e405da1c76d2fc096a6d6,2026-09-17T15:04:30Z,2,Top pick for me this week.,dc7ff01ffb5941279b0443f81fb5022d
spotify:track:5aVBxVa0kz9uzv0F4gwdEn,8fc1dc71014e405da1c76d2fc096a6d6,2026-09-17T15:04:30Z,1,"Enjoyed this more than I expected, take a point",dc7ff01ffb5941279b0443f81fb5022d
spotify:track:7GxM6m4nVNP5psFdngo79X,8fc1dc71014e405da1c76d2fc096a6d6,2026-09-17T15:04:30Z,0,"Oh man really wanted to give this a point, definitely enjoyed this song",dc7ff01ffb5941279b0443f81fb5022d
spotify:track:0n2SEXB2qoRQg171q7XqeW,7febabde978e4b25b33f1b3c4ce070a4,2026-09-17T18:25:05Z,1,,dc7ff01ffb5941279b0443f81fb5022d
spotify:track:2YpeDb67231RjR0MgVLzsG,7febabde978e4b25b33f1b3c4ce070a4,2026-09-17T18:25:05Z,1,,dc7ff01ffb5941279b0443f81fb5022d
spotify:track:2mKouqwAIdQnMP43zxR89r,7febabde978e4b25b33f1b3c4ce070a4,2026-09-17T18:25:05Z,1,,dc7ff01ffb5941279b0443f81fb5022d
spotify:track:0qOnSQQF0yzuPWsXrQ9paz,7febabde978e4b25b33f1b3c4ce070a4,2026-09-17T18:25:05Z,1,,dc7ff01ffb5941279b0443f81fb5022d
spotify:track:5sNESr6pQfIhL3krM8CtZn,7febabde978e4b25b33f1b3c4ce070a4,2026-09-17T18:25:05Z,1,,dc7ff01ffb5941279b0443f81fb5022d
spotify:track:4Lvc9SbPc0svm9TEoMgFzB,7febabde978e4b25b33f1b3c4ce070a4,2026-09-17T18:25:05Z,1,,dc7ff01ffb5941279b0443f81fb5022d
spotify:track:37BZB0z9T8Xu7U3e65qxFy,750ba811027043b7bd211b4f95d8e1e3,2026-09-17T22:45:42Z,1,,dc7ff01ffb5941279b0443f81fb5022d
spotify:track:5IVuqXILoxVWvWEPm82Jxr,750ba811027043b7bd211b4f95d8e1e3,2026-09-17T22:45:42Z,1,,dc7ff01ffb5941279b0443f81fb5022d
spotify:track:5sNESr6pQfIhL3krM8CtZn,750ba811027043b7bd211b4f95d8e1e3,2026-09-17T22:45:42Z,1,,dc7ff01ffb5941279b0443f81fb5022d
spotify:track:0n2SEXB2qoRQg171q7XqeW,750ba811027043b7bd211b4f95d8e1e3,2026-09-17T22:45:42Z,1,,dc7ff01ffb5941279b0443f81fb5022d
spotify:track:2nrG5UtAcqXbYttu7MXP1p,750ba811027043b7bd211b4f95d8e1e3,2026-09-17T22:45:42Z,1,,dc7ff01ffb5941279b0443f81fb5022d
spotify:track:4pvb0WLRcMtbPGmtejJJ6y,750ba811027043b7bd211b4f95d8e1e3,2026-09-17T22:45:42Z,1,,dc7ff01ffb5941279b0443f81fb5022d
spotify:track:14MgTooapmJdLlEMAr2zAM,bc244a1ae5864415b445995616a1f8bd,2026-09-17T23:01:22Z,1,,dc7ff01ffb5941279b0443f81fb5022d
spotify:track:0MpQPb1hrwk4dPiyWEGmer,bc244a1ae5864415b445995616a1f8bd,2026-09-17T23:01:22Z,1,,dc7ff01ffb5941279b0443f81fb5022d
spotify:track:0puf9yIluy9W0vpMEUoAnN,bc244a1ae5864415b445995616a1f8bd,2026-09-17T23:01:22Z,1,,dc7ff01ffb5941279b0443f81fb5022d
spotify:track:1vhbThkFnqAHbZp0fEjXE4,bc244a1ae5864415b445995616a1f8bd,2026-09-17T23:01:22Z,1,,dc7ff01ffb5941279b0443f81fb5022d
spotify:track:7MZHqgTVTnN6xZGYAcEEAf,bc244a1ae5864415b445995616a1f8bd,2026-09-17T23:01:22Z,1,,dc7ff01ffb5941279b0443f81fb5022d
spotify:track:7vS3Y0IKjde7Xg85LWIEdP,bc244a1ae5864415b445995616a1f8bd,2026-09-17T23:01:22Z,1,,dc7ff01ffb5941279b0443f81fb5022d
spotify:track:4pvb0WLRcMtbPGmtejJJ6y,86657fb590ef405b9ed79ff572e3dec2,2026-09-18T13:12:28Z,1,,dc7ff01ffb5941279b0443f81fb5022d
spotify:track:15JINEqzVMv3SvJTAXAKED,86657fb590ef405b9ed79ff572e3dec2,2026-09-18T13:12:28Z,1,,dc7ff01ffb5941279b0443f81fb5022d
spotify:track:2gam98EZKrF9XuOkU13ApN,86657fb590ef405b9ed79ff572e3dec2,2026-09-18T13:12:28Z,1,,dc7ff01ffb5941279b0443f81fb5022d
spotify:track:2mKouqwAIdQnMP43zxR89r,86657fb590ef405b9ed79ff572e3dec2,2026-09-18T13:12:28Z,1,,dc7ff01ffb5941279b0443f81fb5022d
spotify:track:2YpeDb67231RjR0MgVLzsG,86657fb590ef405b9ed79ff572e3dec2,2026-09-18T13:12:28Z,1,,dc7ff01ffb5941279b0443f81fb5022d
spotify:track:3cHyrEgdyYRjgJKSOiOtcS,86657fb590ef405b9ed79ff572e3dec2,2026-09-18T13:12:28Z,1,,dc7ff01ffb5941279b0443f81fb5022d
spotify:track:15JINEqzVMv3SvJTAXAKED,8a2a836dc2854be1854b7897949c9d3a,2026-09-18T13:25:27Z,1,,dc7ff01ffb5941279b0443f81fb5022d
spotify:track:2YpeDb67231RjR0MgVLzsG,8a2a836dc2854be1854b7897949c9d3a,2026-09-18T13:25:27Z,1,,dc7ff01ffb5941279b0443f81fb5022d
spotify:track:2mKouqwAIdQnMP43zxR89r,8a2a836dc2854be1854b7897949c9d3a,2026-09-18T13:25:27Z,1,,dc7ff01ffb5941279b0443f81fb5022d
spotify:track:37BZB0z9T8Xu7U3e65qxFy,8a2a836dc2854be1854b7897949c9d3a,2026-09-18T13:25:27Z,1,,dc7ff01ffb5941279b0443f81fb5022d
spotify:track:7GxM6m4nVNP5psFdngo79X,8a2a836dc2854be1854b7897949c9d3a,2026-09-18T13:25:27Z,1,,dc7ff01ffb5941279b0443f81fb5022d
spotify:track:7CZyCXKG6d5ALeq41sLzbw,8a2a836dc2854be1854b7897949c9d3a,2026-09-18T13:25:27Z,1,,dc7ff01ffb5941279b0443f81fb5022d
spotify:track:3cHyrEgdyYRjgJKSOiOtcS,4a69a38876594685ae6a6bb6b92e6b83,2026-09-18T13:26:32Z,1,,dc7ff01ffb5941279b0443f81fb5022d
spotify:track:0qOnSQQF0yzuPWsXrQ9paz,4a69a38876594685ae6a6bb6b92e6b83,2026-09-18T13:26:32Z,1,,dc7ff01ffb5941279b0443f81fb5022d
spotify:track:1X1DWw2pcNZ8zSub3uhlNz,4a69a38876594685ae6a6bb6b92e6b83,2026-09-18T13:26:32Z,1,,dc7ff01ffb5941279b0443f81fb5022d
spotify:track:5sNESr6pQfIhL3krM8CtZn,4a69a38876594685ae6a6bb6b92e6b83,2026-09-18T13:26:32Z,2,,dc7ff01ffb5941279b0443f81fb5022d
spotify:track:7nYvUtkQMx1v80S2FH2s9J,4a69a38876594685ae6a6bb6b92e6b83,2026-09-18T13:26:32Z,1,,dc7ff01ffb5941279b0443f81fb5022d
spotify:track:0qOnSQQF0yzuPWsXrQ9paz,0289893897004e4d99e122238538bba6,2026-09-18T13:58:26Z,1,,dc7ff01ffb5941279b0443f81fb5022d
spotify:track:2gam98EZKrF9XuOkU13ApN,0289893897004e4d99e122238538bba6,2026-09-18T13:58:26Z,1,,dc7ff01ffb5941279b0443f81fb5022d
spotify:track:2x0WlnmfG39ZuDmstl9xfX,0289893897004e4d99e122238538bba6,2026-09-18T13:58:26Z,1,,dc7ff01ffb5941279b0443f81fb5022d
spotify:track:37BZB0z9T8Xu7U3e65qxFy,0289893897004e4d99e122238538bba6,2026-09-18T13:58:26Z,1,,dc7ff01ffb5941279b0443f81fb5022d
spotify:track:4pvb0WLRcMtbPGmtejJJ6y,0289893897004e4d99e122238538bba6,2026-09-18T13:58:26Z,1,,dc7ff01ffb5941279b0443f81fb5022d
spotify:track:5eXgqtg3T8Av0m1FUaGHex,0289893897004e4d99e122238538bba6,2026-09-18T13:58:26Z,1,,dc7ff01ffb5941279b0443f81fb5022d
spotify:track:2nrG5UtAcqXbYttu7MXP1p,484868107474404f8cf31198a88d4538,2026-09-18T15:43:02Z,1,,dc7ff01ffb5941279b0443f81fb5022d
spotify:track:4pvb0WLRcMtbPGmtejJJ6y,484868107474404f8cf31198a88d4538,2026-09-18T15:43:02Z,1,the long pond version might be a top 3 listened to tswift song for me,dc7ff01ffb5941279b0443f81fb5022d
spotify:track:5sNESr6pQfIhL3krM8CtZn,484868107474404f8cf31198a88d4538,2026-09-18T15:43:02Z,1,,dc7ff01ffb5941279b0443f81fb5022d
spotify:track:69zgVn6XO4OWlXaVobQNQt,484868107474404f8cf31198a88d4538,2026-09-18T15:43:02Z,1,,dc7ff01ffb5941279b0443f81fb5022d
spotify:track:6D3TI6EZuPtdJZyejGuesp,484868107474404f8cf31198a88d4538,2026-09-18T15:43:02Z,1,,dc7ff01ffb5941279b0443f81fb5022d
spotify:track:6yIaRllz0lCXuISYsqyCNH,484868107474404f8cf31198a88d4538,2026-09-18T15:43:02Z,1,,dc7ff01ffb5941279b0443f81fb5022d
spotify:track:7nYvUtkQMx1v80S2FH2s9J,9840733ed9ef4860b47a10d9a2e8f38d,2026-09-18T18:03:44Z,1,,dc7ff01ffb5941279b0443f81fb5022d
spotify:track:0puf9yIluy9W0vpMEUoAnN,9840733ed9ef4860b47a10d9a2e8f38d,2026-09-18T18:03:44Z,1,,dc7ff01ffb5941279b0443f81fb5022d
spotify:track:0qOnSQQF0yzuPWsXrQ9paz,9840733ed9ef4860b47a10d9a2e8f38d,2026-09-18T18:03:44Z,1,,dc7ff01ffb5941279b0443f81fb5022d
spotify:track:2gam98EZKrF9XuOkU13ApN,9840733ed9ef4860b47a10d9a2e8f38d,2026-09-18T18:03:44Z,1,,dc7ff01ffb5941279b0443f81fb5022d
spotify:track:6nrSo5ZWhsai0oeX257rRF,9840733ed9ef4860b47a10d9a2e8f38d,2026-09-18T18:03:44Z,1,,dc7ff01ffb5941279b0443f81fb5022d
spotify:track:7vS3Y0IKjde7Xg85LWIEdP,9840733ed9ef4860b47a10d9a2e8f38d,2026-09-18T18:03:44Z,1,,dc7ff01ffb5941279b0443f81fb5022d
spotify:track:15JINEqzVMv3SvJTAXAKED,262f92f208ab483c90f6edbcfbc8251e,2026-09-18T18:54:39Z,2,,dc7ff01ffb5941279b0443f81fb5022d
spotify:track:2x0WlnmfG39ZuDmstl9xfX,262f92f208ab483c90f6edbcfbc8251e,2026-09-18T18:54:39Z,1,,dc7ff01ffb5941279b0443f81fb5022d
spotify:track:5sNESr6pQfIhL3krM8CtZn,262f92f208ab483c90f6edbcfbc8251e,2026-09-18T18:54:39Z,2,,dc7ff01ffb5941279b0443f81fb5022d
spotify:track:6lV2MSQmRIkycDScNtrBXO,262f92f208ab483c90f6edbcfbc8251e,2026-09-18T18:54:39Z,1,,dc7ff01ffb5941279b0443f81fb5022d
spotify:track:7MZHqgTVTnN6xZGYAcEEAf,34fdbc2aafb2460e9901991a50295d63,2026-09-18T18:57:37Z,1,,dc7ff01ffb5941279b0443f81fb5022d
spotify:track:1X1DWw2pcNZ8zSub3uhlNz,34fdbc2aafb2460e9901991a50295d63,2026-09-18T18:57:37Z,1,,dc7ff01ffb5941279b0443f81fb5022d
spotify:track:37BZB0z9T8Xu7U3e65qxFy,34fdbc2aafb2460e9901991a50295d63,2026-09-18T18:57:37Z,1,,dc7ff01ffb5941279b0443f81fb5022d
spotify:track:6nrSo5ZWhsai0oeX257rRF,34fdbc2aafb2460e9901991a50295d63,2026-09-18T18:57:37Z,1,,dc7ff01ffb5941279b0443f81fb5022d
spotify:track:6yIaRllz0lCXuISYsqyCNH,34fdbc2aafb2460e9901991a50295d63,2026-09-18T18:57:37Z,2,,dc7ff01ffb5941279b0443f81fb5022d
spotify:track:2dono2Koz7DEvGwxUsmMLq,bb05308ddb1c492ea743079835c5b788,2026-09-21T19:29:02Z,1,,fbbcc106e4914b49a805ba73a8614535
spotify:track:2LtosLi7dutfc3ZxFBEdAL,bb05308ddb1c492ea743079835c5b788,2026-09-21T19:29:02Z,1,,fbbcc106e4914b49a805ba73a8614535
spotify:track:4hBW3h6FnQNh7NRmyxLLG7,bb05308ddb1c492ea743079835c5b788,2026-09-21T19:29:02Z,2,the only truly correct answer,fbbcc106e4914b49a805ba73a8614535
spotify:track:5FgPwJ7Nh2FVmIXviKl2VF,bb05308ddb1c492ea743079835c5b788,2026-09-21T19:29:02Z,1,,fbbcc106e4914b49a805ba73a8614535
spotify:track:28cnXtME493VX9NOw9cIUh,bb05308ddb1c492ea743079835c5b788,2026-09-21T19:29:02Z,1,,fbbcc106e4914b49a805ba73a8614535
spotify:track:0Q0IVlqMV64kNLlwjPj0Hl,833da065c575491d9e6dc592364c6eac,2026-09-21T21:05:13Z,1,I had forgotten about this song.  What a joy to have it brought back to me!,fbbcc106e4914b49a805ba73a8614535
spotify:track:1IqFh00G2kvvMm8pRMpehA,833da065c575491d9e6dc592364c6eac,2026-09-21T21:05:13Z,1,This song reminds me of one of my uncles who loved when my sisters and I would end up sing this at family reunions. ,fbbcc106e4914b49a805ba73a8614535
spotify:track:58E1XVmZTODC67YNjneuXM,833da065c575491d9e6dc592364c6eac,2026-09-21T21:05:13Z,1,I forgot this was a cover!  Love this song.,fbbcc106e4914b49a805ba73a8614535
spotify:track:5d8Wq39QLT6OQWsY9paz5n,833da065c575491d9e6dc592364c6eac,2026-09-21T21:05:13Z,2,I was genuinely surprised that I loved a cover of one of my favorite Cranberries songs as much as I loved this one. ,fbbcc106e4914b49a805ba73a8614535
spotify:track:5hviCr3lgg6LY6noG6DPKs,833da065c575491d9e6dc592364c6eac,2026-09-21T21:05:13Z,1,,fbbcc106e4914b49a805ba73a8614535
spotify:track:18zHhKCCwidy2O6j5KPBOI,bd72e5a1559748218511b4d60247bbb4,2026-09-21T21:34:01Z,1,,fbbcc106e4914b49a805ba73a8614535
spotify:track:1Jaah2tmN9Hv81A87KZ1MU,bd72e5a1559748218511b4d60247bbb4,2026-09-21T21:34:01Z,1,Torn is a cover?!?! ,fbbcc106e4914b49a805ba73a8614535
spotify:track:30y5OpD8TPAru2wsyZDD4S,bd72e5a1559748218511b4d60247bbb4,2026-09-21T21:34:01Z,0,"I second watching Inside, but warning: you'll leave it feeling...different. ",fbbcc106e4914b49a805ba73a8614535
spotify:track:39HFKh08mU0aktj9UulRnY,bd72e5a1559748218511b4d60247bbb4,2026-09-21T21:34:01Z,0,considered submitting this one!,fbbcc106e4914b49a805ba73a8614535
spotify:track:3JOVTQ5h8HGFnDdp4VT3MP,bd72e5a1559748218511b4d60247bbb4,2026-09-21T21:34:01Z,1,,fbbcc106e4914b49a805ba73a8614535
spotify:track:3knblvtjbcTtEk0HCiJHZK,bd72e5a1559748218511b4d60247bbb4,2026-09-21T21:34:01Z,0,the queen of covers,fbbcc106e4914b49a805ba73a8614535
spotify:track:3pvo1AGd8ZyL8wSxLS4Wtm,bd72e5a1559748218511b4d60247bbb4,2026-09-21T21:34:01Z,1,ok apparently i love addison rae covers,fbbcc106e4914b49a805ba73a8614535
spotify:track:3WBOhEqPz6u8fWiq8H7ahR,bd72e5a1559748218511b4d60247bbb4,2026-09-21T21:34:01Z,1,"wow this local talent sounds pretty good! gonna check him out, where's he playing next? ",fbbcc106e4914b49a805ba73a8614535
spotify:track:58E1XVmZTODC67YNjneuXM,bd72e5a1559748218511b4d60247bbb4,2026-09-21T21:34:01Z,0,Tainted Love is a cover?!,fbbcc106e4914b49a805ba73a8614535
spotify:track:5d8Wq39QLT6OQWsY9paz5n,bd72e5a1559748218511b4d60247bbb4,2026-09-21T21:34:01Z,0,feel like i can run through a brick wall after listening to this,fbbcc106e4914b49a805ba73a8614535
spotify:track:6XQz4HwNIQZ652JFa7putY,bd72e5a1559748218511b4d60247bbb4,2026-09-21T21:34:01Z,0,this is THE cover. ,fbbcc106e4914b49a805ba73a8614535
spotify:track:7s25THrKz86DM225dOYwnr,bd72e5a1559748218511b4d60247bbb4,2026-09-21T21:34:01Z,1,Respect is a cover?!?!,fbbcc106e4914b49a805ba73a8614535
spotify:track:7yv3wr5V5Pyb0GpuCT7ZZh,bd72e5a1559748218511b4d60247bbb4,2026-09-21T21:34:01Z,0,so many good covers from them,fbbcc106e4914b49a805ba73a8614535
spotify:track:1Jaah2tmN9Hv81A87KZ1MU,98ac3bad53394f2e96460de78cfd5bff,2026-09-21T21:50:12Z,1,,fbbcc106e4914b49a805ba73a8614535
spotify:track:39HFKh08mU0aktj9UulRnY,98ac3bad53394f2e96460de78cfd5bff,2026-09-21T21:50:12Z,1,,fbbcc106e4914b49a805ba73a8614535
spotify:track:5FgPwJ7Nh2FVmIXviKl2VF,98ac3bad53394f2e96460de78cfd5bff,2026-09-21T21:50:12Z,1,,fbbcc106e4914b49a805ba73a8614535
spotify:track:5hviCr3lgg6LY6noG6DPKs,98ac3bad53394f2e96460de78cfd5bff,2026-09-21T21:50:12Z,1,,fbbcc106e4914b49a805ba73a8614535
spotify:track:6HveTIMynTMzTc5L0TcS20,98ac3bad53394f2e96460de78cfd5bff,2026-09-21T21:50:12Z,1,,fbbcc106e4914b49a805ba73a8614535
spotify:track:6XQz4HwNIQZ652JFa7putY,98ac3bad53394f2e96460de78cfd5bff,2026-09-21T21:50:12Z,1,,fbbcc106e4914b49a805ba73a8614535
spotify:track:0Q0IVlqMV64kNLlwjPj0Hl,d7fc034cdd4f4f00adfeb0cfe0718e55,2026-09-21T23:42:10Z,1,,fbbcc106e4914b49a805ba73a8614535
spotify:track:1Lo0QY9cvc8sUB2vnIOxDT,d7fc034cdd4f4f00adfeb0cfe0718e55,2026-09-21T23:42:10Z,1,,fbbcc106e4914b49a805ba73a8614535
spotify:track:4FCNizKAqQ0JDx9ZWDEt1Z,d7fc034cdd4f4f00adfeb0cfe0718e55,2026-09-21T23:42:10Z,1,,fbbcc106e4914b49a805ba73a8614535
spotify:track:58E1XVmZTODC67YNjneuXM,d7fc034cdd4f4f00adfeb0cfe0718e55,2026-09-21T23:42:10Z,1,,fbbcc106e4914b49a805ba73a8614535
spotify:track:6RqEGiKjOqFTge6YrCKcqX,d7fc034cdd4f4f00adfeb0cfe0718e55,2026-09-21T23:42:10Z,1,,fbbcc106e4914b49a805ba73a8614535
spotify:track:7s25THrKz86DM225dOYwnr,d7fc034cdd4f4f00adfeb0cfe0718e55,2026-09-21T23:42:10Z,1,,fbbcc106e4914b49a805ba73a8614535
spotify:track:0Q0IVlqMV64kNLlwjPj0Hl,913b7d1f8c384fa8809d2f72f4bac744,2026-09-22T00:05:43Z,1,Timeless,fbbcc106e4914b49a805ba73a8614535
spotify:track:18zHhKCCwidy2O6j5KPBOI,913b7d1f8c384fa8809d2f72f4bac744,2026-09-22T00:05:43Z,1,,fbbcc106e4914b49a805ba73a8614535
spotify:track:3knblvtjbcTtEk0HCiJHZK,913b7d1f8c384fa8809d2f72f4bac744,2026-09-22T00:05:43Z,1,"Worth checking out her cover of “Like Eating Glass”, too",fbbcc106e4914b49a805ba73a8614535
spotify:track:58E1XVmZTODC67YNjneuXM,913b7d1f8c384fa8809d2f72f4bac744,2026-09-22T00:05:43Z,1,,fbbcc106e4914b49a805ba73a8614535
spotify:track:6kopmMZiyLmw7h66uXcXR7,913b7d1f8c384fa8809d2f72f4bac744,2026-09-22T00:05:43Z,1,,fbbcc106e4914b49a805ba73a8614535
spotify:track:7s25THrKz86DM225dOYwnr,913b7d1f8c384fa8809d2f72f4bac744,2026-09-22T00:05:43Z,1,"I love Otis Redding, but it is WILD how much better this version is than the original",fbbcc106e4914b49a805ba73a8614535
spotify:track:1Lo0QY9cvc8sUB2vnIOxDT,3fca1344c8ea4df3aef395c9a840f591,2026-09-22T13:02:29Z,0,"I love this song and Luke Combs’ version of it, but there are too many others this week that hit just the right way.

Giving this one an honorable mention.",fbbcc106e4914b49a805ba73a8614535
spotify:track:28cnXtME493VX9NOw9cIUh,3fca1344c8ea4df3aef395c9a840f591,2026-09-22T13:02:29Z,1,,fbbcc106e4914b49a805ba73a8614535
spotify:track:2dono2Koz7DEvGwxUsmMLq,3fca1344c8ea4df3aef395c9a840f591,2026-09-22T13:02:29Z,1,,fbbcc106e4914b49a805ba73a8614535
spotify:track:2LtosLi7dutfc3ZxFBEdAL,3fca1344c8ea4df3aef395c9a840f591,2026-09-22T13:02:29Z,1,I really enjoyed this one - thank you for sharing!,fbbcc106e4914b49a805ba73a8614535
spotify:track:39HFKh08mU0aktj9UulRnY,3fca1344c8ea4df3aef395c9a840f591,2026-09-22T13:02:29Z,1,,fbbcc106e4914b49a805ba73a8614535
spotify:track:4hBW3h6FnQNh7NRmyxLLG7,3fca1344c8ea4df3aef395c9a840f591,2026-09-22T13:02:29Z,1,Best song covered by the Glee cast IMO,fbbcc106e4914b49a805ba73a8614535
spotify:track:5hviCr3lgg6LY6noG6DPKs,3fca1344c8ea4df3aef395c9a840f591,2026-09-22T13:02:29Z,1,,fbbcc106e4914b49a805ba73a8614535
spotify:track:2dono2Koz7DEvGwxUsmMLq,161d56f264894586895605a877732998,2026-09-22T13:13:13Z,1,,fbbcc106e4914b49a805ba73a8614535
spotify:track:1Jaah2tmN9Hv81A87KZ1MU,161d56f264894586895605a877732998,2026-09-22T13:13:13Z,1,,fbbcc106e4914b49a805ba73a8614535
spotify:track:1lEEwKHZMKbUkKMtkDL2b8,161d56f264894586895605a877732998,2026-09-22T13:13:13Z,1,,fbbcc106e4914b49a805ba73a8614535
spotify:track:28cnXtME493VX9NOw9cIUh,161d56f264894586895605a877732998,2026-09-22T13:13:13Z,1,,fbbcc106e4914b49a805ba73a8614535
spotify:track:5AQNqdpl6SEV9rAHWy7U9w,161d56f264894586895605a877732998,2026-09-22T13:13:13Z,1,This song RUINS me. In the best way <3. Good cover!,fbbcc106e4914b49a805ba73a8614535
spotify:track:72RX8sK4OKFnUX2MBDOdBD,161d56f264894586895605a877732998,2026-09-22T13:13:13Z,1,,fbbcc106e4914b49a805ba73a8614535
spotify:track:4LloVtxNZpeh7q7xdi1DQc,ed4fd10ef61340839f0872b7cc1f2d90,2026-09-22T13:27:44Z,1,,fbbcc106e4914b49a805ba73a8614535
spotify:track:2dono2Koz7DEvGwxUsmMLq,ed4fd10ef61340839f0872b7cc1f2d90,2026-09-22T13:27:44Z,1,,fbbcc106e4914b49a805ba73a8614535
spotify:track:39HFKh08mU0aktj9UulRnY,ed4fd10ef61340839f0872b7cc1f2d90,2026-09-22T13:27:44Z,1,,fbbcc106e4914b49a805ba73a8614535
spotify:track:1Lo0QY9cvc8sUB2vnIOxDT,ed4fd10ef61340839f0872b7cc1f2d90,2026-09-22T13:27:44Z,1,,fbbcc106e4914b49a805ba73a8614535
spotify:track:3JOVTQ5h8HGFnDdp4VT3MP,ed4fd10ef61340839f0872b7cc1f2d90,2026-09-22T13:27:44Z,1,,fbbcc106e4914b49a805ba73a8614535
spotify:track:5YZbeKYOuRykWCADmBlVsq,ed4fd10ef61340839f0872b7cc1f2d90,2026-09-22T13:27:44Z,1,,fbbcc106e4914b49a805ba73a8614535
spotify:track:1WM80A5a4xDtlndjqjZQIv,6afc77567dc5471f9b4d35dd7d5aada2,2026-09-22T13:30:54Z,1,,fbbcc106e4914b49a805ba73a8614535
spotify:track:5d8Wq39QLT6OQWsY9paz5n,6afc77567dc5471f9b4d35dd7d5aada2,2026-09-22T13:30:54Z,2,,fbbcc106e4914b49a805ba73a8614535
spotify:track:6XQz4HwNIQZ652JFa7putY,6afc77567dc5471f9b4d35dd7d5aada2,2026-09-22T13:30:54Z,1,,fbbcc106e4914b49a805ba73a8614535
spotify:track:2LtosLi7dutfc3ZxFBEdAL,6afc77567dc5471f9b4d35dd7d5aada2,2026-09-22T13:30:54Z,2,,fbbcc106e4914b49a805ba73a8614535
spotify:track:7s25THrKz86DM225dOYwnr,a72c861d0c7e4d1da56fde1beb2b0571,2026-09-22T13:45:41Z,1,,fbbcc106e4914b49a805ba73a8614535
spotify:track:2LtosLi7dutfc3ZxFBEdAL,a72c861d0c7e4d1da56fde1beb2b0571,2026-09-22T13:45:41Z,1,Slayyyy,fbbcc106e4914b49a805ba73a8614535
spotify:track:39HFKh08mU0aktj9UulRnY,a72c861d0c7e4d1da56fde1beb2b0571,2026-09-22T13:45:41Z,1,,fbbcc106e4914b49a805ba73a8614535
spotify:track:3knblvtjbcTtEk0HCiJHZK,a72c861d0c7e4d1da56fde1beb2b0571,2026-09-22T13:45:41Z,1,,fbbcc106e4914b49a805ba73a8614535
spotify:track:4hBW3h6FnQNh7NRmyxLLG7,a72c861d0c7e4d1da56fde1beb2b0571,2026-09-22T13:45:41Z,1,,fbbcc106e4914b49a805ba73a8614535
spotify:track:6kopmMZiyLmw7h66uXcXR7,a72c861d0c7e4d1da56fde1beb2b0571,2026-09-22T13:45:41Z,1,,fbbcc106e4914b49a805ba73a8614535
spotify:track:1Lo0QY9cvc8sUB2vnIOxDT,469a0a5e68c04d23adeff628e9d0ded9,2026-09-22T16:33:17Z,1,,fbbcc106e4914b49a805ba73a8614535
spotify:track:2LtosLi7dutfc3ZxFBEdAL,469a0a5e68c04d23adeff628e9d0ded9,2026-09-22T16:33:17Z,2,,fbbcc106e4914b49a805ba73a8614535
spotify:track:39HFKh08mU0aktj9UulRnY,469a0a5e68c04d23adeff628e9d0ded9,2026-09-22T16:33:17Z,1,,fbbcc106e4914b49a805ba73a8614535
spotify:track:4hBW3h6FnQNh7NRmyxLLG7,469a0a5e68c04d23adeff628e9d0ded9,2026-09-22T16:33:17Z,1,,fbbcc106e4914b49a805ba73a8614535
spotify:track:4LloVtxNZpeh7q7xdi1DQc,469a0a5e68c04d23adeff628e9d0ded9,2026-09-22T16:33:17Z,1,,fbbcc106e4914b49a805ba73a8614535
spotify:track:1Cj2vqUwlJVG27gJrun92y,8fc1dc71014e405da1c76d2fc096a6d6,2026-09-22T17:19:52Z,1,"Yeah great cover, take a point",fbbcc106e4914b49a805ba73a8614535
spotify:track:1Jaah2tmN9Hv81A87KZ1MU,8fc1dc71014e405da1c76d2fc096a6d6,2026-09-22T17:19:52Z,1,"Didn't realize this was a cover, enjoy a point",fbbcc106e4914b49a805ba73a8614535
spotify:track:3JOVTQ5h8HGFnDdp4VT3MP,8fc1dc71014e405da1c76d2fc096a6d6,2026-09-22T17:19:52Z,1,"Great tune, one of my favorites, wouldn't normally give a point since it's on my list already, but definitely deserves a point",fbbcc106e4914b49a805ba73a8614535
spotify:track:3knblvtjbcTtEk0HCiJHZK,8fc1dc71014e405da1c76d2fc096a6d6,2026-09-22T17:19:52Z,0,"Runner up for me, definitely added to my liked list",fbbcc106e4914b49a805ba73a8614535
spotify:track:3pB4umU0ULRZLpLhAYcDby,8fc1dc71014e405da1c76d2fc096a6d6,2026-09-22T17:19:52Z,0,"Ahh this was a great track, not enough points to go around",fbbcc106e4914b49a805ba73a8614535
spotify:track:4LloVtxNZpeh7q7xdi1DQc,8fc1dc71014e405da1c76d2fc096a6d6,2026-09-22T17:19:52Z,1,"Love this song, love this version, take a point",fbbcc106e4914b49a805ba73a8614535
spotify:track:58E1XVmZTODC67YNjneuXM,8fc1dc71014e405da1c76d2fc096a6d6,2026-09-22T17:19:52Z,1,"Didn't realize this was a cover, take a point",fbbcc106e4914b49a805ba73a8614535
spotify:track:6kopmMZiyLmw7h66uXcXR7,8fc1dc71014e405da1c76d2fc096a6d6,2026-09-22T17:19:52Z,1,"Amy Winehouse was always a power house, take a point",fbbcc106e4914b49a805ba73a8614535
spotify:track:7yv3wr5V5Pyb0GpuCT7ZZh,8fc1dc71014e405da1c76d2fc096a6d6,2026-09-22T17:19:52Z,0,"Almost gave this a point, not enough points to give.",fbbcc106e4914b49a805ba73a8614535
spotify:track:5YZbeKYOuRykWCADmBlVsq,a8d1615e794348c3b4c3bb71da0ed65e,2026-09-22T17:51:09Z,0,My sons name is Memphis so I'm a big fan of the song and this is a great version. Well done!,fbbcc106e4914b49a805ba73a8614535
spotify:track:0Q0IVlqMV64kNLlwjPj0Hl,a8d1615e794348c3b4c3bb71da0ed65e,2026-09-22T17:51:09Z,1,I had no idea this was a cover. Livin under a rock over here. ,fbbcc106e4914b49a805ba73a8614535
spotify:track:1Cj2vqUwlJVG27gJrun92y,a8d1615e794348c3b4c3bb71da0ed65e,2026-09-22T17:51:09Z,1,,fbbcc106e4914b49a805ba73a8614535
spotify:track:1Lo0QY9cvc8sUB2vnIOxDT,a8d1615e794348c3b4c3bb71da0ed65e,2026-09-22T17:51:09Z,0,I'm a huge Tracy Chapman fan so when this version came out I was thrilled to see so much love for my gal. ,fbbcc106e4914b49a805ba73a8614535
spotify:track:1WM80A5a4xDtlndjqjZQIv,a8d1615e794348c3b4c3bb71da0ed65e,2026-09-22T17:51:09Z,0,Interesting spin on this song. Great share. ,fbbcc106e4914b49a805ba73a8614535
spotify:track:3JOVTQ5h8HGFnDdp4VT3MP,a8d1615e794348c3b4c3bb71da0ed65e,2026-09-22T17:51:09Z,0,Donnie Darko!!! ,fbbcc106e4914b49a805ba73a8614535
spotify:track:3knblvtjbcTtEk0HCiJHZK,a8d1615e794348c3b4c3bb71da0ed65e,2026-09-22T17:51:09Z,0,"I hadn't heard this cover before, it was great. Kelly did an amazing job with it. ",fbbcc106e4914b49a805ba73a8614535
spotify:track:3pRaLNL3b8x5uBOcsgvdqM,a8d1615e794348c3b4c3bb71da0ed65e,2026-09-22T17:51:09Z,0,One of my favorite songs. ,fbbcc106e4914b49a805ba73a8614535
spotify:track:4FCNizKAqQ0JDx9ZWDEt1Z,a8d1615e794348c3b4c3bb71da0ed65e,2026-09-22T17:51:09Z,1,My (first) wedding song. I love how Kacey sings this one. ,fbbcc106e4914b49a805ba73a8614535
spotify:track:5d8Wq39QLT6OQWsY9paz5n,a8d1615e794348c3b4c3bb71da0ed65e,2026-09-22T17:51:09Z,0,Blasted this in the car this morning. ,fbbcc106e4914b49a805ba73a8614535
spotify:track:5FgPwJ7Nh2FVmIXviKl2VF,a8d1615e794348c3b4c3bb71da0ed65e,2026-09-22T17:51:09Z,1,Adele could sing the ABC's better than anyone. ,fbbcc106e4914b49a805ba73a8614535
spotify:track:5OqW09kxGmc6b5xGFmln1b,a8d1615e794348c3b4c3bb71da0ed65e,2026-09-22T17:51:09Z,0,Really enjoyed this one. ,fbbcc106e4914b49a805ba73a8614535
spotify:track:5YEHrYUjG9e0VPQLCp6vGo,a8d1615e794348c3b4c3bb71da0ed65e,2026-09-22T17:51:09Z,2,I always like a Music League song that surprises me and this one did just that. ,fbbcc106e4914b49a805ba73a8614535
spotify:track:6HveTIMynTMzTc5L0TcS20,a8d1615e794348c3b4c3bb71da0ed65e,2026-09-22T17:51:09Z,0,She's got a beautiful voice. ,fbbcc106e4914b49a805ba73a8614535
spotify:track:0Q0IVlqMV64kNLlwjPj0Hl,0cd5052e0f0a4e8fbce7e36e9d69e173,2026-09-22T19:02:44Z,1,,fbbcc106e4914b49a805ba73a8614535
spotify:track:1Cj2vqUwlJVG27gJrun92y,0cd5052e0f0a4e8fbce7e36e9d69e173,2026-09-22T19:02:44Z,0,"Love this song, its been a while since I heard it.",fbbcc106e4914b49a805ba73a8614535
spotify:track:1lEEwKHZMKbUkKMtkDL2b8,0cd5052e0f0a4e8fbce7e36e9d69e173,2026-09-22T19:02:44Z,0,Great song,fbbcc106e4914b49a805ba73a8614535
spotify:track:28cnXtME493VX9NOw9cIUh,0cd5052e0f0a4e8fbce7e36e9d69e173,2026-09-22T19:02:44Z,1,Great song,fbbcc106e4914b49a805ba73a8614535
spotify:track:2LtosLi7dutfc3ZxFBEdAL,0cd5052e0f0a4e8fbce7e36e9d69e173,2026-09-22T19:02:44Z,1,,fbbcc106e4914b49a805ba73a8614535
spotify:track:30y5OpD8TPAru2wsyZDD4S,0cd5052e0f0a4e8fbce7e36e9d69e173,2026-09-22T19:02:44Z,1,New song to me thanks for posting,fbbcc106e4914b49a805ba73a8614535
spotify:track:3pRaLNL3b8x5uBOcsgvdqM,0cd5052e0f0a4e8fbce7e36e9d69e173,2026-09-22T19:02:44Z,1,Love this cover,fbbcc106e4914b49a805ba73a8614535
spotify:track:4FCNizKAqQ0JDx9ZWDEt1Z,0cd5052e0f0a4e8fbce7e36e9d69e173,2026-09-22T19:02:44Z,0,Great song need more points,fbbcc106e4914b49a805ba73a8614535
spotify:track:5hviCr3lgg6LY6noG6DPKs,0cd5052e0f0a4e8fbce7e36e9d69e173,2026-09-22T19:02:44Z,1,,fbbcc106e4914b49a805ba73a8614535
spotify:track:1Cj2vqUwlJVG27gJrun92y,82c07b6dae6e444fa2fa1b4663d71b02,2026-09-22T19:19:39Z,1,,fbbcc106e4914b49a805ba73a8614535
spotify:track:28cnXtME493VX9NOw9cIUh,82c07b6dae6e444fa2fa1b4663d71b02,2026-09-22T19:19:39Z,1,,fbbcc106e4914b49a805ba73a8614535
spotify:track:2LtosLi7dutfc3ZxFBEdAL,82c07b6dae6e444fa2fa1b4663d71b02,2026-09-22T19:19:39Z,1,,fbbcc106e4914b49a805ba73a8614535
spotify:track:39HFKh08mU0aktj9UulRnY,82c07b6dae6e444fa2fa1b4663d71b02,2026-09-22T19:19:39Z,1,,fbbcc106e4914b49a805ba73a8614535
spotify:track:3WBOhEqPz6u8fWiq8H7ahR,82c07b6dae6e444fa2fa1b4663d71b02,2026-09-22T19:19:39Z,1,,fbbcc106e4914b49a805ba73a8614535
spotify:track:72RX8sK4OKFnUX2MBDOdBD,82c07b6dae6e444fa2fa1b4663d71b02,2026-09-22T19:19:39Z,1,,fbbcc106e4914b49a805ba73a8614535
spotify:track:7s25THrKz86DM225dOYwnr,82c07b6dae6e444fa2fa1b4663d71b02,2026-09-22T19:19:39Z,0,had ZERO clue this was a cover!,fbbcc106e4914b49a805ba73a8614535
spotify:track:0Q0IVlqMV64kNLlwjPj0Hl,545b798c57364c278826c2847d610a2e,2026-09-22T19:51:14Z,1,,fbbcc106e4914b49a805ba73a8614535
spotify:track:1IqFh00G2kvvMm8pRMpehA,545b798c57364c278826c2847d610a2e,2026-09-22T19:51:14Z,1,i've never heard this and i love it,fbbcc106e4914b49a805ba73a8614535
spotify:track:2dono2Koz7DEvGwxUsmMLq,545b798c57364c278826c2847d610a2e,2026-09-22T19:51:14Z,1,I just love this original song so much I had to give a point!,fbbcc106e4914b49a805ba73a8614535
spotify:track:39HFKh08mU0aktj9UulRnY,545b798c57364c278826c2847d610a2e,2026-09-22T19:51:14Z,0,i love her energy but don't have points left :(,fbbcc106e4914b49a805ba73a8614535
spotify:track:7s25THrKz86DM225dOYwnr,545b798c57364c278826c2847d610a2e,2026-09-22T19:51:14Z,0,it feels CRIMINAL for me to not give this points,fbbcc106e4914b49a805ba73a8614535
spotify:track:5YEHrYUjG9e0VPQLCp6vGo,545b798c57364c278826c2847d610a2e,2026-09-22T19:51:14Z,1,this is so fun. <3 mgk,fbbcc106e4914b49a805ba73a8614535
spotify:track:5hviCr3lgg6LY6noG6DPKs,545b798c57364c278826c2847d610a2e,2026-09-22T19:51:14Z,1,obviously!!,fbbcc106e4914b49a805ba73a8614535
spotify:track:4LloVtxNZpeh7q7xdi1DQc,545b798c57364c278826c2847d610a2e,2026-09-22T19:51:14Z,1,this whole album..............,fbbcc106e4914b49a805ba73a8614535
spotify:track:3WBOhEqPz6u8fWiq8H7ahR,545b798c57364c278826c2847d610a2e,2026-09-22T19:51:14Z,0,such an interesting cover,fbbcc106e4914b49a805ba73a8614535
spotify:track:4LloVtxNZpeh7q7xdi1DQc,78f2c8efbf7248d285c45d9cbe080197,2026-09-22T22:50:45Z,1,,fbbcc106e4914b49a805ba73a8614535
spotify:track:0Q0IVlqMV64kNLlwjPj0Hl,78f2c8efbf7248d285c45d9cbe080197,2026-09-22T22:50:45Z,1,,fbbcc106e4914b49a805ba73a8614535
spotify:track:2dono2Koz7DEvGwxUsmMLq,78f2c8efbf7248d285c45d9cbe080197,2026-09-22T22:50:45Z,1,,fbbcc106e4914b49a805ba73a8614535
spotify:track:3pRaLNL3b8x5uBOcsgvdqM,78f2c8efbf7248d285c45d9cbe080197,2026-09-22T22:50:45Z,1,,fbbcc106e4914b49a805ba73a8614535
spotify:track:4FCNizKAqQ0JDx9ZWDEt1Z,78f2c8efbf7248d285c45d9cbe080197,2026-09-22T22:50:45Z,1,,fbbcc106e4914b49a805ba73a8614535
spotify:track:6kopmMZiyLmw7h66uXcXR7,78f2c8efbf7248d285c45d9cbe080197,2026-09-22T22:50:45Z,1,,fbbcc106e4914b49a805ba73a8614535
spotify:track:1Cj2vqUwlJVG27gJrun92y,383a348e97c84dfbbc3169ca98067699,2026-09-23T01:39:20Z,1,I love this one- so good! ,fbbcc106e4914b49a805ba73a8614535
spotify:track:4mJDfMcT7odIUjWlb2WO4L,383a348e97c84dfbbc3169ca98067699,2026-09-23T01:39:20Z,0,"I love Ed and really like this version, just don't have enough votes! ☹️",fbbcc106e4914b49a805ba73a8614535
spotify:track:5AQNqdpl6SEV9rAHWy7U9w,383a348e97c84dfbbc3169ca98067699,2026-09-23T01:39:20Z,1,Love this one! ,fbbcc106e4914b49a805ba73a8614535
spotify:track:1Lo0QY9cvc8sUB2vnIOxDT,383a348e97c84dfbbc3169ca98067699,2026-09-23T01:39:20Z,1,Such a great cover! ,fbbcc106e4914b49a805ba73a8614535
spotify:track:5YZbeKYOuRykWCADmBlVsq,383a348e97c84dfbbc3169ca98067699,2026-09-23T01:39:20Z,0,"I really like this one, wish I had more points to give!",fbbcc106e4914b49a805ba73a8614535
spotify:track:3pRaLNL3b8x5uBOcsgvdqM,383a348e97c84dfbbc3169ca98067699,2026-09-23T01:39:20Z,1,Love this one- great pick! ,fbbcc106e4914b49a805ba73a8614535
spotify:track:6HveTIMynTMzTc5L0TcS20,383a348e97c84dfbbc3169ca98067699,2026-09-23T01:39:20Z,0,"So pretty, but unfortunately I'm out of points.",fbbcc106e4914b49a805ba73a8614535
spotify:track:72RX8sK4OKFnUX2MBDOdBD,383a348e97c84dfbbc3169ca98067699,2026-09-23T01:39:20Z,2,"I absolutely love Stephen Wilson, Jr.... One of my favs! His cover of Tonight, Tonight is really great, too. ",fbbcc106e4914b49a805ba73a8614535
spotify:track:7s25THrKz86DM225dOYwnr,ce3c42e513a049bbb5fe55cfa5b73111,2026-09-23T11:41:39Z,1,,fbbcc106e4914b49a805ba73a8614535
spotify:track:1Jaah2tmN9Hv81A87KZ1MU,ce3c42e513a049bbb5fe55cfa5b73111,2026-09-23T11:41:39Z,1,,fbbcc106e4914b49a805ba73a8614535
spotify:track:1Lo0QY9cvc8sUB2vnIOxDT,ce3c42e513a049bbb5fe55cfa5b73111,2026-09-23T11:41:39Z,1,,fbbcc106e4914b49a805ba73a8614535
spotify:track:2dono2Koz7DEvGwxUsmMLq,ce3c42e513a049bbb5fe55cfa5b73111,2026-09-23T11:41:39Z,1,,fbbcc106e4914b49a805ba73a8614535
spotify:track:39HFKh08mU0aktj9UulRnY,ce3c42e513a049bbb5fe55cfa5b73111,2026-09-23T11:41:39Z,1,,fbbcc106e4914b49a805ba73a8614535
spotify:track:4mJDfMcT7odIUjWlb2WO4L,ce3c42e513a049bbb5fe55cfa5b73111,2026-09-23T11:41:39Z,1,,fbbcc106e4914b49a805ba73a8614535
spotify:track:5hviCr3lgg6LY6noG6DPKs,39eb585b1675462e87bddfacf8024c73,2026-09-23T13:17:00Z,1,,fbbcc106e4914b49a805ba73a8614535
spotify:track:1Jaah2tmN9Hv81A87KZ1MU,39eb585b1675462e87bddfacf8024c73,2026-09-23T13:17:00Z,1,,fbbcc106e4914b49a805ba73a8614535
spotify:track:1Lo0QY9cvc8sUB2vnIOxDT,39eb585b1675462e87bddfacf8024c73,2026-09-23T13:17:00Z,1,,fbbcc106e4914b49a805ba73a8614535
spotify:track:3knblvtjbcTtEk0HCiJHZK,39eb585b1675462e87bddfacf8024c73,2026-09-23T13:17:00Z,1,,fbbcc106e4914b49a805ba73a8614535
spotify:track:4hBW3h6FnQNh7NRmyxLLG7,39eb585b1675462e87bddfacf8024c73,2026-09-23T13:17:00Z,1,,fbbcc106e4914b49a805ba73a8614535
spotify:track:5FgPwJ7Nh2FVmIXviKl2VF,39eb585b1675462e87bddfacf8024c73,2026-09-23T13:17:00Z,1,,fbbcc106e4914b49a805ba73a8614535
spotify:track:28cnXtME493VX9NOw9cIUh,f1623ebc5b244ed2950c5cc6376f7ad3,2026-09-23T13:18:27Z,1,,fbbcc106e4914b49a805ba73a8614535
spotify:track:39HFKh08mU0aktj9UulRnY,f1623ebc5b244ed2950c5cc6376f7ad3,2026-09-23T13:18:27Z,1,,fbbcc106e4914b49a805ba73a8614535
spotify:track:3knblvtjbcTtEk0HCiJHZK,f1623ebc5b244ed2950c5cc6376f7ad3,2026-09-23T13:18:27Z,1,,fbbcc106e4914b49a805ba73a8614535
spotify:track:3pRaLNL3b8x5uBOcsgvdqM,f1623ebc5b244ed2950c5cc6376f7ad3,2026-09-23T13:18:27Z,1,,fbbcc106e4914b49a805ba73a8614535
spotify:track:4LloVtxNZpeh7q7xdi1DQc,f1623ebc5b244ed2950c5cc6376f7ad3,2026-09-23T13:18:27Z,1,,fbbcc106e4914b49a805ba73a8614535
spotify:track:4mJDfMcT7odIUjWlb2WO4L,f1623ebc5b244ed2950c5cc6376f7ad3,2026-09-23T13:18:27Z,1,,fbbcc106e4914b49a805ba73a8614535
spotify:track:3WBOhEqPz6u8fWiq8H7ahR,21e63470f218499f8140c964da24800a,2026-09-23T19:11:52Z,0,Serious local talent! Where are the local shows?,fbbcc106e4914b49a805ba73a8614535
spotify:track:0Q0IVlqMV64kNLlwjPj0Hl,21e63470f218499f8140c964da24800a,2026-09-23T19:11:52Z,3,I had instant song-submission envy! Great pick. What a great song and great record. What could have been?!,fbbcc106e4914b49a805ba73a8614535
spotify:track:1Jaah2tmN9Hv81A87KZ1MU,21e63470f218499f8140c964da24800a,2026-09-23T19:11:52Z,0,Learned something new about a great song. But sadly I was out of points.,fbbcc106e4914b49a805ba73a8614535
spotify:track:28cnXtME493VX9NOw9cIUh,21e63470f218499f8140c964da24800a,2026-09-23T19:11:52Z,1,1 point for the nostalgia of when I listened to a lot of Johnny Cash.,fbbcc106e4914b49a805ba73a8614535
spotify:track:3pRaLNL3b8x5uBOcsgvdqM,21e63470f218499f8140c964da24800a,2026-09-23T19:11:52Z,2,2 points for objectively this is a great cover.,fbbcc106e4914b49a805ba73a8614535
spotify:track:4FCNizKAqQ0JDx9ZWDEt1Z,21e63470f218499f8140c964da24800a,2026-09-23T19:11:52Z,0,Great song but sadly this fell out of my top 3.,fbbcc106e4914b49a805ba73a8614535
spotify:track:1Cj2vqUwlJVG27gJrun92y,4a69a38876594685ae6a6bb6b92e6b83,2026-09-23T20:54:05Z,1,,fbbcc106e4914b49a805ba73a8614535
spotify:track:28cnXtME493VX9NOw9cIUh,4a69a38876594685ae6a6bb6b92e6b83,2026-09-23T20:54:05Z,1,,fbbcc106e4914b49a805ba73a8614535
spotify:track:4LloVtxNZpeh7q7xdi1DQc,4a69a38876594685ae6a6bb6b92e6b83,2026-09-23T20:54:05Z,3,,fbbcc106e4914b49a805ba73a8614535
spotify:track:7s25THrKz86DM225dOYwnr,4a69a38876594685ae6a6bb6b92e6b83,2026-09-23T20:54:05Z,1,,fbbcc106e4914b49a805ba73a8614535
spotify:track:4FCNizKAqQ0JDx9ZWDEt1Z,b878145dc8d14e9aa4e69fe6c7d3aa04,2026-09-23T22:07:15Z,1,,fbbcc106e4914b49a805ba73a8614535
spotify:track:4LloVtxNZpeh7q7xdi1DQc,b878145dc8d14e9aa4e69fe6c7d3aa04,2026-09-23T22:07:15Z,1,,fbbcc106e4914b49a805ba73a8614535
spotify:track:5AQNqdpl6SEV9rAHWy7U9w,b878145dc8d14e9aa4e69fe6c7d3aa04,2026-09-23T22:07:15Z,1,,fbbcc106e4914b49a805ba73a8614535
spotify:track:5FgPwJ7Nh2FVmIXviKl2VF,b878145dc8d14e9aa4e69fe6c7d3aa04,2026-09-23T22:07:15Z,1,,fbbcc106e4914b49a805ba73a8614535
spotify:track:5hviCr3lgg6LY6noG6DPKs,b878145dc8d14e9aa4e69fe6c7d3aa04,2026-09-23T22:07:15Z,1,,fbbcc106e4914b49a805ba73a8614535
spotify:track:6kopmMZiyLmw7h66uXcXR7,b878145dc8d14e9aa4e69fe6c7d3aa04,2026-09-23T22:07:15Z,1,,fbbcc106e4914b49a805ba73a8614535
spotify:track:3knblvtjbcTtEk0HCiJHZK,dc613e44e9b3492b86d9353ee09ecec1,2026-09-24T21:09:12Z,1,,fbbcc106e4914b49a805ba73a8614535
spotify:track:4FCNizKAqQ0JDx9ZWDEt1Z,dc613e44e9b3492b86d9353ee09ecec1,2026-09-24T21:09:12Z,1,,fbbcc106e4914b49a805ba73a8614535
spotify:track:4LloVtxNZpeh7q7xdi1DQc,dc613e44e9b3492b86d9353ee09ecec1,2026-09-24T21:09:12Z,1,,fbbcc106e4914b49a805ba73a8614535
spotify:track:5d8Wq39QLT6OQWsY9paz5n,dc613e44e9b3492b86d9353ee09ecec1,2026-09-24T21:09:12Z,1,,fbbcc106e4914b49a805ba73a8614535
spotify:track:5P0yYKSfbWP7y7hulf7LP6,dc613e44e9b3492b86d9353ee09ecec1,2026-09-24T21:09:12Z,1,,fbbcc106e4914b49a805ba73a8614535
spotify:track:7s25THrKz86DM225dOYwnr,dc613e44e9b3492b86d9353ee09ecec1,2026-09-24T21:09:12Z,1,,fbbcc106e4914b49a805ba73a8614535
spotify:track:0Q0IVlqMV64kNLlwjPj0Hl,d48ed6f1619c4de099fff6b4158b3da7,2026-09-25T00:16:59Z,1,,fbbcc106e4914b49a805ba73a8614535
spotify:track:1Jaah2tmN9Hv81A87KZ1MU,d48ed6f1619c4de099fff6b4158b3da7,2026-09-25T00:16:59Z,1,Didn’t know this was a cover! ,fbbcc106e4914b49a805ba73a8614535
spotify:track:1lEEwKHZMKbUkKMtkDL2b8,d48ed6f1619c4de099fff6b4158b3da7,2026-09-25T00:16:59Z,1,Love this one and had forgotten about it ,fbbcc106e4914b49a805ba73a8614535
spotify:track:2dono2Koz7DEvGwxUsmMLq,d48ed6f1619c4de099fff6b4158b3da7,2026-09-25T00:16:59Z,0,Liked this one a lot ,fbbcc106e4914b49a805ba73a8614535
spotify:track:3JOVTQ5h8HGFnDdp4VT3MP,d48ed6f1619c4de099fff6b4158b3da7,2026-09-25T00:16:59Z,1,,fbbcc106e4914b49a805ba73a8614535
spotify:track:3pRaLNL3b8x5uBOcsgvdqM,d48ed6f1619c4de099fff6b4158b3da7,2026-09-25T00:16:59Z,1,,fbbcc106e4914b49a805ba73a8614535
spotify:track:58E1XVmZTODC67YNjneuXM,d48ed6f1619c4de099fff6b4158b3da7,2026-09-25T00:16:59Z,1,Also don’t know this was a cover!,fbbcc106e4914b49a805ba73a8614535
spotify:track:0Q0IVlqMV64kNLlwjPj0Hl,28f76d43a10844d7976d955087af964e,2026-09-25T02:29:39Z,1,,fbbcc106e4914b49a805ba73a8614535
spotify:track:3knblvtjbcTtEk0HCiJHZK,28f76d43a10844d7976d955087af964e,2026-09-25T02:29:39Z,1,,fbbcc106e4914b49a805ba73a8614535
spotify:track:3pRaLNL3b8x5uBOcsgvdqM,28f76d43a10844d7976d955087af964e,2026-09-25T02:29:39Z,1,,fbbcc106e4914b49a805ba73a8614535
spotify:track:4mJDfMcT7odIUjWlb2WO4L,28f76d43a10844d7976d955087af964e,2026-09-25T02:29:39Z,1,"So hard not to give this all 6 points, one of my all time favs!",fbbcc106e4914b49a805ba73a8614535
spotify:track:6kopmMZiyLmw7h66uXcXR7,28f76d43a10844d7976d955087af964e,2026-09-25T02:29:39Z,1,,fbbcc106e4914b49a805ba73a8614535
spotify:track:6XQz4HwNIQZ652JFa7putY,28f76d43a10844d7976d955087af964e,2026-09-25T02:29:39Z,1,,fbbcc106e4914b49a805ba73a8614535
spotify:track:3QSnkhUvoPS5QogonimPfk,708285d89baf4ff094731436003a4bf2,2026-09-25T05:21:47Z,1,,fbbcc106e4914b49a805ba73a8614535
spotify:track:2LtosLi7dutfc3ZxFBEdAL,708285d89baf4ff094731436003a4bf2,2026-09-25T05:21:47Z,2,,fbbcc106e4914b49a805ba73a8614535
spotify:track:39HFKh08mU0aktj9UulRnY,708285d89baf4ff094731436003a4bf2,2026-09-25T05:21:47Z,1,,fbbcc106e4914b49a805ba73a8614535
spotify:track:4LloVtxNZpeh7q7xdi1DQc,708285d89baf4ff094731436003a4bf2,2026-09-25T05:21:47Z,1,,fbbcc106e4914b49a805ba73a8614535
spotify:track:5hviCr3lgg6LY6noG6DPKs,708285d89baf4ff094731436003a4bf2,2026-09-25T05:21:47Z,1,,fbbcc106e4914b49a805ba73a8614535
spotify:track:4FCNizKAqQ0JDx9ZWDEt1Z,34fdbc2aafb2460e9901991a50295d63,2026-09-25T13:14:10Z,1,,fbbcc106e4914b49a805ba73a8614535
spotify:track:4LloVtxNZpeh7q7xdi1DQc,34fdbc2aafb2460e9901991a50295d63,2026-09-25T13:14:10Z,1,,fbbcc106e4914b49a805ba73a8614535
spotify:track:5hviCr3lgg6LY6noG6DPKs,34fdbc2aafb2460e9901991a50295d63,2026-09-25T13:14:10Z,1,,fbbcc106e4914b49a805ba73a8614535
spotify:track:6HveTIMynTMzTc5L0TcS20,34fdbc2aafb2460e9901991a50295d63,2026-09-25T13:14:10Z,1,This was our first dance song!,fbbcc106e4914b49a805ba73a8614535
spotify:track:1Lo0QY9cvc8sUB2vnIOxDT,34fdbc2aafb2460e9901991a50295d63,2026-09-25T13:14:10Z,1,,fbbcc106e4914b49a805ba73a8614535
spotify:track:2dono2Koz7DEvGwxUsmMLq,34fdbc2aafb2460e9901991a50295d63,2026-09-25T13:14:10Z,1,,fbbcc106e4914b49a805ba73a8614535
spotify:track:7yv3wr5V5Pyb0GpuCT7ZZh,34fdbc2aafb2460e9901991a50295d63,2026-09-25T13:14:10Z,0,This was a fun take on Just Dance!,fbbcc106e4914b49a805ba73a8614535
spotify:track:7s25THrKz86DM225dOYwnr,bc244a1ae5864415b445995616a1f8bd,2026-09-25T13:59:52Z,1,,fbbcc106e4914b49a805ba73a8614535
spotify:track:0Q0IVlqMV64kNLlwjPj0Hl,bc244a1ae5864415b445995616a1f8bd,2026-09-25T13:59:52Z,1,,fbbcc106e4914b49a805ba73a8614535
spotify:track:1Jaah2tmN9Hv81A87KZ1MU,bc244a1ae5864415b445995616a1f8bd,2026-09-25T13:59:52Z,1,,fbbcc106e4914b49a805ba73a8614535
spotify:track:4FCNizKAqQ0JDx9ZWDEt1Z,bc244a1ae5864415b445995616a1f8bd,2026-09-25T13:59:52Z,1,,fbbcc106e4914b49a805ba73a8614535
spotify:track:4LloVtxNZpeh7q7xdi1DQc,bc244a1ae5864415b445995616a1f8bd,2026-09-25T13:59:52Z,1,,fbbcc106e4914b49a805ba73a8614535
spotify:track:5hviCr3lgg6LY6noG6DPKs,bc244a1ae5864415b445995616a1f8bd,2026-09-25T13:59:52Z,1,,fbbcc106e4914b49a805ba73a8614535
spotify:track:7s25THrKz86DM225dOYwnr,5d65669cbe4a4fcaadb47fb3ebbf2155,2026-09-25T14:46:27Z,1,,fbbcc106e4914b49a805ba73a8614535
spotify:track:3knblvtjbcTtEk0HCiJHZK,5d65669cbe4a4fcaadb47fb3ebbf2155,2026-09-25T14:46:27Z,1,,fbbcc106e4914b49a805ba73a8614535
spotify:track:3QSnkhUvoPS5QogonimPfk,5d65669cbe4a4fcaadb47fb3ebbf2155,2026-09-25T14:46:27Z,1,,fbbcc106e4914b49a805ba73a8614535
spotify:track:4LloVtxNZpeh7q7xdi1DQc,5d65669cbe4a4fcaadb47fb3ebbf2155,2026-09-25T14:46:27Z,1,,fbbcc106e4914b49a805ba73a8614535
spotify:track:4mJDfMcT7odIUjWlb2WO4L,5d65669cbe4a4fcaadb47fb3ebbf2155,2026-09-25T14:46:27Z,1,This was giving me Chad Michael Murray Freaky Friday vibes but I love this classic & makes me think of singing along in my parents car as a kid,fbbcc106e4914b49a805ba73a8614535
spotify:track:6kopmMZiyLmw7h66uXcXR7,5d65669cbe4a4fcaadb47fb3ebbf2155,2026-09-25T14:46:27Z,1,,fbbcc106e4914b49a805ba73a8614535
spotify:track:0Q0IVlqMV64kNLlwjPj0Hl,86657fb590ef405b9ed79ff572e3dec2,2026-09-25T15:07:41Z,1,,fbbcc106e4914b49a805ba73a8614535
spotify:track:39HFKh08mU0aktj9UulRnY,86657fb590ef405b9ed79ff572e3dec2,2026-09-25T15:07:41Z,1,,fbbcc106e4914b49a805ba73a8614535
spotify:track:3knblvtjbcTtEk0HCiJHZK,86657fb590ef405b9ed79ff572e3dec2,2026-09-25T15:07:41Z,1,,fbbcc106e4914b49a805ba73a8614535
spotify:track:4LloVtxNZpeh7q7xdi1DQc,86657fb590ef405b9ed79ff572e3dec2,2026-09-25T15:07:41Z,1,,fbbcc106e4914b49a805ba73a8614535
spotify:track:5d8Wq39QLT6OQWsY9paz5n,86657fb590ef405b9ed79ff572e3dec2,2026-09-25T15:07:41Z,1,,fbbcc106e4914b49a805ba73a8614535
spotify:track:6XQz4HwNIQZ652JFa7putY,86657fb590ef405b9ed79ff572e3dec2,2026-09-25T15:07:41Z,1,,fbbcc106e4914b49a805ba73a8614535
spotify:track:7yv3wr5V5Pyb0GpuCT7ZZh,7febabde978e4b25b33f1b3c4ce070a4,2026-09-25T17:01:53Z,1,,fbbcc106e4914b49a805ba73a8614535
spotify:track:1IqFh00G2kvvMm8pRMpehA,7febabde978e4b25b33f1b3c4ce070a4,2026-09-25T17:01:53Z,1,,fbbcc106e4914b49a805ba73a8614535
spotify:track:3knblvtjbcTtEk0HCiJHZK,7febabde978e4b25b33f1b3c4ce070a4,2026-09-25T17:01:53Z,1,,fbbcc106e4914b49a805ba73a8614535
spotify:track:3pB4umU0ULRZLpLhAYcDby,7febabde978e4b25b33f1b3c4ce070a4,2026-09-25T17:01:53Z,1,,fbbcc106e4914b49a805ba73a8614535
spotify:track:4LloVtxNZpeh7q7xdi1DQc,7febabde978e4b25b33f1b3c4ce070a4,2026-09-25T17:01:53Z,1,,fbbcc106e4914b49a805ba73a8614535
spotify:track:5d8Wq39QLT6OQWsY9paz5n,7febabde978e4b25b33f1b3c4ce070a4,2026-09-25T17:01:53Z,1,,fbbcc106e4914b49a805ba73a8614535
spotify:track:28cnXtME493VX9NOw9cIUh,484868107474404f8cf31198a88d4538,2026-09-25T18:12:01Z,1,"when trent says that the song is no longer his, that says a ton about a cover..",fbbcc106e4914b49a805ba73a8614535
spotify:track:2dono2Koz7DEvGwxUsmMLq,484868107474404f8cf31198a88d4538,2026-09-25T18:12:01Z,1,love this cover,fbbcc106e4914b49a805ba73a8614535
spotify:track:3knblvtjbcTtEk0HCiJHZK,484868107474404f8cf31198a88d4538,2026-09-25T18:12:01Z,1,,fbbcc106e4914b49a805ba73a8614535
spotify:track:3WBOhEqPz6u8fWiq8H7ahR,484868107474404f8cf31198a88d4538,2026-09-25T18:12:01Z,1,,fbbcc106e4914b49a805ba73a8614535
spotify:track:4FCNizKAqQ0JDx9ZWDEt1Z,484868107474404f8cf31198a88d4538,2026-09-25T18:12:01Z,1,,fbbcc106e4914b49a805ba73a8614535
spotify:track:4LloVtxNZpeh7q7xdi1DQc,484868107474404f8cf31198a88d4538,2026-09-25T18:12:01Z,1,,fbbcc106e4914b49a805ba73a8614535
spotify:track:0Q0IVlqMV64kNLlwjPj0Hl,9840733ed9ef4860b47a10d9a2e8f38d,2026-09-25T18:14:30Z,1,,fbbcc106e4914b49a805ba73a8614535
spotify:track:3knblvtjbcTtEk0HCiJHZK,9840733ed9ef4860b47a10d9a2e8f38d,2026-09-25T18:14:30Z,1,,fbbcc106e4914b49a805ba73a8614535
spotify:track:3pB4umU0ULRZLpLhAYcDby,9840733ed9ef4860b47a10d9a2e8f38d,2026-09-25T18:14:30Z,1,"I love this band!
",fbbcc106e4914b49a805ba73a8614535
spotify:track:4LloVtxNZpeh7q7xdi1DQc,9840733ed9ef4860b47a10d9a2e8f38d,2026-09-25T18:14:30Z,1,,fbbcc106e4914b49a805ba73a8614535
spotify:track:4mJDfMcT7odIUjWlb2WO4L,9840733ed9ef4860b47a10d9a2e8f38d,2026-09-25T18:14:30Z,1,,fbbcc106e4914b49a805ba73a8614535
spotify:track:5FgPwJ7Nh2FVmIXviKl2VF,9840733ed9ef4860b47a10d9a2e8f38d,2026-09-25T18:14:30Z,1,,fbbcc106e4914b49a805ba73a8614535
spotify:track:39HFKh08mU0aktj9UulRnY,262f92f208ab483c90f6edbcfbc8251e,2026-09-25T18:18:58Z,1,,fbbcc106e4914b49a805ba73a8614535
spotify:track:3knblvtjbcTtEk0HCiJHZK,262f92f208ab483c90f6edbcfbc8251e,2026-09-25T18:18:58Z,1,,fbbcc106e4914b49a805ba73a8614535
spotify:track:4LloVtxNZpeh7q7xdi1DQc,262f92f208ab483c90f6edbcfbc8251e,2026-09-25T18:18:58Z,2,,fbbcc106e4914b49a805ba73a8614535
spotify:track:4mJDfMcT7odIUjWlb2WO4L,262f92f208ab483c90f6edbcfbc8251e,2026-09-25T18:18:58Z,1,,fbbcc106e4914b49a805ba73a8614535
spotify:track:5hviCr3lgg6LY6noG6DPKs,262f92f208ab483c90f6edbcfbc8251e,2026-09-25T18:18:58Z,1,,fbbcc106e4914b49a805ba73a8614535
spotify:track:1Lo0QY9cvc8sUB2vnIOxDT,0289893897004e4d99e122238538bba6,2026-09-25T18:39:11Z,1,,fbbcc106e4914b49a805ba73a8614535
spotify:track:1WM80A5a4xDtlndjqjZQIv,0289893897004e4d99e122238538bba6,2026-09-25T18:39:11Z,1,,fbbcc106e4914b49a805ba73a8614535
spotify:track:39HFKh08mU0aktj9UulRnY,0289893897004e4d99e122238538bba6,2026-09-25T18:39:11Z,1,,fbbcc106e4914b49a805ba73a8614535
spotify:track:3JOVTQ5h8HGFnDdp4VT3MP,0289893897004e4d99e122238538bba6,2026-09-25T18:39:11Z,1,,fbbcc106e4914b49a805ba73a8614535
spotify:track:4hBW3h6FnQNh7NRmyxLLG7,0289893897004e4d99e122238538bba6,2026-09-25T18:39:11Z,1,,fbbcc106e4914b49a805ba73a8614535
spotify:track:6XQz4HwNIQZ652JFa7putY,0289893897004e4d99e122238538bba6,2026-09-25T18:39:11Z,1,,fbbcc106e4914b49a805ba73a8614535
spotify:track:1Lo0QY9cvc8sUB2vnIOxDT,8a2a836dc2854be1854b7897949c9d3a,2026-09-25T18:40:06Z,1,,fbbcc106e4914b49a805ba73a8614535
spotify:track:1WM80A5a4xDtlndjqjZQIv,8a2a836dc2854be1854b7897949c9d3a,2026-09-25T18:40:06Z,1,,fbbcc106e4914b49a805ba73a8614535
spotify:track:2LtosLi7dutfc3ZxFBEdAL,8a2a836dc2854be1854b7897949c9d3a,2026-09-25T18:40:06Z,1,,fbbcc106e4914b49a805ba73a8614535
spotify:track:3pRaLNL3b8x5uBOcsgvdqM,8a2a836dc2854be1854b7897949c9d3a,2026-09-25T18:40:06Z,1,,fbbcc106e4914b49a805ba73a8614535
spotify:track:3QSnkhUvoPS5QogonimPfk,8a2a836dc2854be1854b7897949c9d3a,2026-09-25T18:40:06Z,1,,fbbcc106e4914b49a805ba73a8614535
spotify:track:5P0yYKSfbWP7y7hulf7LP6,8a2a836dc2854be1854b7897949c9d3a,2026-09-25T18:40:06Z,1,,fbbcc106e4914b49a805ba73a8614535
spotify:track:1c8gk2PeTE04A1pIDH9YMk,bb05308ddb1c492ea743079835c5b788,2026-09-28T20:26:42Z,1,,3676f81e74d642ce96d7ce45249737ae
spotify:track:1L5tZi0izXsi5Kk5OJf4W0,bb05308ddb1c492ea743079835c5b788,2026-09-28T20:26:42Z,1,,3676f81e74d642ce96d7ce45249737ae
spotify:track:32OlwWuMpZ6b0aN2RZOeMS,bb05308ddb1c492ea743079835c5b788,2026-09-28T20:26:42Z,1,,3676f81e74d642ce96d7ce45249737ae
spotify:track:3BovdzfaX4jb5KFQwoPfAw,bb05308ddb1c492ea743079835c5b788,2026-09-28T20:26:42Z,1,,3676f81e74d642ce96d7ce45249737ae
spotify:track:3Y1EvIgEVw51XtgNEgpz5c,bb05308ddb1c492ea743079835c5b788,2026-09-28T20:26:42Z,1,,3676f81e74d642ce96d7ce45249737ae
spotify:track:4pryE6cN2gFL1FVF5fYINl,bb05308ddb1c492ea743079835c5b788,2026-09-28T20:26:42Z,1,,3676f81e74d642ce96d7ce45249737ae
spotify:track:09DR0sHnQUhHOiSNttc1mv,750ba811027043b7bd211b4f95d8e1e3,2026-09-28T20:47:25Z,1,,3676f81e74d642ce96d7ce45249737ae
spotify:track:0KQx6HOpJueiSkztcS0r7D,750ba811027043b7bd211b4f95d8e1e3,2026-09-28T20:47:25Z,1,,3676f81e74d642ce96d7ce45249737ae
spotify:track:1L5tZi0izXsi5Kk5OJf4W0,750ba811027043b7bd211b4f95d8e1e3,2026-09-28T20:47:25Z,1,,3676f81e74d642ce96d7ce45249737ae
spotify:track:35KiiILklye1JRRctaLUb4,750ba811027043b7bd211b4f95d8e1e3,2026-09-28T20:47:25Z,1,,3676f81e74d642ce96d7ce45249737ae
spotify:track:4SDWMFvYJKtK1QPhIOeZhd,750ba811027043b7bd211b4f95d8e1e3,2026-09-28T20:47:25Z,1,,3676f81e74d642ce96d7ce45249737ae
spotify:track:7a86XRg84qjasly9f6bPSD,750ba811027043b7bd211b4f95d8e1e3,2026-09-28T20:47:25Z,1,,3676f81e74d642ce96d7ce45249737ae
spotify:track:0b9oOr2ZgvyQu88wzixux9,913b7d1f8c384fa8809d2f72f4bac744,2026-09-28T23:20:50Z,0,Would get all the points for a VMA,3676f81e74d642ce96d7ce45249737ae
spotify:track:0KQx6HOpJueiSkztcS0r7D,913b7d1f8c384fa8809d2f72f4bac744,2026-09-28T23:20:50Z,2,"Also had this one in contention this week, what an incredible debut. She had me from the Brooklyn Zoo sample in Girlfriend.",3676f81e74d642ce96d7ce45249737ae
spotify:track:1L5tZi0izXsi5Kk5OJf4W0,913b7d1f8c384fa8809d2f72f4bac744,2026-09-28T23:20:50Z,1,,3676f81e74d642ce96d7ce45249737ae
spotify:track:3BovdzfaX4jb5KFQwoPfAw,913b7d1f8c384fa8809d2f72f4bac744,2026-09-28T23:20:50Z,1,Getting Eddie Van Halen on an uncredited solo is such a flex,3676f81e74d642ce96d7ce45249737ae
spotify:track:4pryE6cN2gFL1FVF5fYINl,913b7d1f8c384fa8809d2f72f4bac744,2026-09-28T23:20:50Z,2,Nearly picked this one! I am convinced the bridge to this song is playing at the gates of Heaven.,3676f81e74d642ce96d7ce45249737ae
spotify:track:1j8z4TTjJ1YOdoFEDwJTQa,98ac3bad53394f2e96460de78cfd5bff,2026-09-29T00:41:23Z,1,,3676f81e74d642ce96d7ce45249737ae
spotify:track:2goLsvvODILDzeeiT4dAoR,98ac3bad53394f2e96460de78cfd5bff,2026-09-29T00:41:23Z,1,,3676f81e74d642ce96d7ce45249737ae
spotify:track:4k3lPl8YTKuY8c1HelVnm3,98ac3bad53394f2e96460de78cfd5bff,2026-09-29T00:41:23Z,1,,3676f81e74d642ce96d7ce45249737ae
spotify:track:4mOxpj82q6n3EO7HBZCelX,98ac3bad53394f2e96460de78cfd5bff,2026-09-29T00:41:23Z,1,,3676f81e74d642ce96d7ce45249737ae
spotify:track:5FPnjikbwlDMULCCCa6ZCJ,98ac3bad53394f2e96460de78cfd5bff,2026-09-29T00:41:23Z,1,,3676f81e74d642ce96d7ce45249737ae
spotify:track:6LCEyZZHFF4ebF1Mike1s5,98ac3bad53394f2e96460de78cfd5bff,2026-09-29T00:41:23Z,1,,3676f81e74d642ce96d7ce45249737ae
spotify:track:1qhp5owrFGeZ5Jgin28nwR,bd72e5a1559748218511b4d60247bbb4,2026-09-29T13:09:13Z,1,one of my all time favorite albums,3676f81e74d642ce96d7ce45249737ae
spotify:track:2goLsvvODILDzeeiT4dAoR,bd72e5a1559748218511b4d60247bbb4,2026-09-29T13:09:13Z,1,how this women only has one Grammy is beyond me,3676f81e74d642ce96d7ce45249737ae
spotify:track:3TW48DvQ7ChwY1Yy1tkMaP,bd72e5a1559748218511b4d60247bbb4,2026-09-29T13:09:13Z,1,tearing up thinking about the music video ,3676f81e74d642ce96d7ce45249737ae
spotify:track:3YKptz29AsOlm7WAVnztBh,bd72e5a1559748218511b4d60247bbb4,2026-09-29T13:09:13Z,1,,3676f81e74d642ce96d7ce45249737ae
spotify:track:41SwdQIX8Hy2u6fuEDgvWr,bd72e5a1559748218511b4d60247bbb4,2026-09-29T13:09:13Z,0,"hadn't heard, great pick! ",3676f81e74d642ce96d7ce45249737ae
spotify:track:5By7Pzgl6TMuVJG168VWzS,bd72e5a1559748218511b4d60247bbb4,2026-09-29T13:09:13Z,1,,3676f81e74d642ce96d7ce45249737ae
spotify:track:7DSAEUvxU8FajXtRloy8M0,bd72e5a1559748218511b4d60247bbb4,2026-09-29T13:09:13Z,0,her performance after winning was pure joy,3676f81e74d642ce96d7ce45249737ae
spotify:track:7FwBtcecmlpc1sLySPXeGE,bd72e5a1559748218511b4d60247bbb4,2026-09-29T13:09:13Z,1,,3676f81e74d642ce96d7ce45249737ae
spotify:track:0KKkJNfGyhkQ5aFogxQAPU,a72c861d0c7e4d1da56fde1beb2b0571,2026-09-29T14:07:03Z,1,,3676f81e74d642ce96d7ce45249737ae
spotify:track:0KQx6HOpJueiSkztcS0r7D,a72c861d0c7e4d1da56fde1beb2b0571,2026-09-29T14:07:03Z,1,,3676f81e74d642ce96d7ce45249737ae
spotify:track:1L5tZi0izXsi5Kk5OJf4W0,a72c861d0c7e4d1da56fde1beb2b0571,2026-09-29T14:07:03Z,1,,3676f81e74d642ce96d7ce45249737ae
spotify:track:6UelLqGlWMcVH1E5c4H7lY,a72c861d0c7e4d1da56fde1beb2b0571,2026-09-29T14:07:03Z,1,,3676f81e74d642ce96d7ce45249737ae
spotify:track:7DSAEUvxU8FajXtRloy8M0,a72c861d0c7e4d1da56fde1beb2b0571,2026-09-29T14:07:03Z,1,,3676f81e74d642ce96d7ce45249737ae
spotify:track:7FwBtcecmlpc1sLySPXeGE,a72c861d0c7e4d1da56fde1beb2b0571,2026-09-29T14:07:03Z,1,,3676f81e74d642ce96d7ce45249737ae
spotify:track:1qhp5owrFGeZ5Jgin28nwR,82c07b6dae6e444fa2fa1b4663d71b02,2026-09-29T14:22:55Z,1,,3676f81e74d642ce96d7ce45249737ae
spotify:track:1VuBmEauSZywQVtqbxNqka,82c07b6dae6e444fa2fa1b4663d71b02,2026-09-29T14:22:55Z,1,,3676f81e74d642ce96d7ce45249737ae
spotify:track:4mOxpj82q6n3EO7HBZCelX,82c07b6dae6e444fa2fa1b4663d71b02,2026-09-29T14:22:55Z,1,,3676f81e74d642ce96d7ce45249737ae
spotify:track:5FPnjikbwlDMULCCCa6ZCJ,82c07b6dae6e444fa2fa1b4663d71b02,2026-09-29T14:22:55Z,1,,3676f81e74d642ce96d7ce45249737ae
spotify:track:7DSAEUvxU8FajXtRloy8M0,82c07b6dae6e444fa2fa1b4663d71b02,2026-09-29T14:22:55Z,1,,3676f81e74d642ce96d7ce45249737ae
spotify:track:7FwBtcecmlpc1sLySPXeGE,82c07b6dae6e444fa2fa1b4663d71b02,2026-09-29T14:22:55Z,1,,3676f81e74d642ce96d7ce45249737ae
spotify:track:0odIT9B9BvOCnXfS0e4lB5,6afc77567dc5471f9b4d35dd7d5aada2,2026-09-29T14:56:06Z,1,,3676f81e74d642ce96d7ce45249737ae
spotify:track:30VHURM5NOfoZmqp2iKawS,6afc77567dc5471f9b4d35dd7d5aada2,2026-09-29T14:56:06Z,1,,3676f81e74d642ce96d7ce45249737ae
spotify:track:3SKH53SPQbEnZR4cJPVaz2,6afc77567dc5471f9b4d35dd7d5aada2,2026-09-29T14:56:06Z,1,,3676f81e74d642ce96d7ce45249737ae
spotify:track:3YKptz29AsOlm7WAVnztBh,6afc77567dc5471f9b4d35dd7d5aada2,2026-09-29T14:56:06Z,2,Pure nostalgia！Didn't know it was a Grammy winner.,3676f81e74d642ce96d7ce45249737ae
spotify:track:6UelLqGlWMcVH1E5c4H7lY,6afc77567dc5471f9b4d35dd7d5aada2,2026-09-29T14:56:06Z,1,,3676f81e74d642ce96d7ce45249737ae
spotify:track:2goLsvvODILDzeeiT4dAoR,161d56f264894586895605a877732998,2026-09-29T15:25:37Z,1,,3676f81e74d642ce96d7ce45249737ae
spotify:track:35KiiILklye1JRRctaLUb4,161d56f264894586895605a877732998,2026-09-29T15:25:37Z,1,,3676f81e74d642ce96d7ce45249737ae
spotify:track:3TW48DvQ7ChwY1Yy1tkMaP,161d56f264894586895605a877732998,2026-09-29T15:25:37Z,1,,3676f81e74d642ce96d7ce45249737ae
spotify:track:4mOxpj82q6n3EO7HBZCelX,161d56f264894586895605a877732998,2026-09-29T15:25:37Z,1,,3676f81e74d642ce96d7ce45249737ae
spotify:track:51KKQAgYFoJHgVIuJWHdHb,161d56f264894586895605a877732998,2026-09-29T15:25:37Z,1,,3676f81e74d642ce96d7ce45249737ae
spotify:track:7FwBtcecmlpc1sLySPXeGE,161d56f264894586895605a877732998,2026-09-29T15:25:37Z,1,,3676f81e74d642ce96d7ce45249737ae
spotify:track:0KQx6HOpJueiSkztcS0r7D,0cd5052e0f0a4e8fbce7e36e9d69e173,2026-09-29T17:05:51Z,1,,3676f81e74d642ce96d7ce45249737ae
spotify:track:34gCuhDGsG4bRPIf9bb02f,0cd5052e0f0a4e8fbce7e36e9d69e173,2026-09-29T17:05:51Z,1,,3676f81e74d642ce96d7ce45249737ae
spotify:track:4SDWMFvYJKtK1QPhIOeZhd,0cd5052e0f0a4e8fbce7e36e9d69e173,2026-09-29T17:05:51Z,1,,3676f81e74d642ce96d7ce45249737ae
spotify:track:4ZExvJvQXPEeYzGU0N3THi,0cd5052e0f0a4e8fbce7e36e9d69e173,2026-09-29T17:05:51Z,1,,3676f81e74d642ce96d7ce45249737ae
spotify:track:6UelLqGlWMcVH1E5c4H7lY,0cd5052e0f0a4e8fbce7e36e9d69e173,2026-09-29T17:05:51Z,1,,3676f81e74d642ce96d7ce45249737ae
spotify:track:7wd9kz7UXhJr8pgdqpzKu5,0cd5052e0f0a4e8fbce7e36e9d69e173,2026-09-29T17:05:51Z,1,,3676f81e74d642ce96d7ce45249737ae
spotify:track:1c8gk2PeTE04A1pIDH9YMk,39eb585b1675462e87bddfacf8024c73,2026-09-29T19:11:41Z,1,,3676f81e74d642ce96d7ce45249737ae
spotify:track:33LC84JgLvK2KuW43MfaNq,39eb585b1675462e87bddfacf8024c73,2026-09-29T19:11:41Z,1,,3676f81e74d642ce96d7ce45249737ae
spotify:track:34gCuhDGsG4bRPIf9bb02f,39eb585b1675462e87bddfacf8024c73,2026-09-29T19:11:41Z,1,,3676f81e74d642ce96d7ce45249737ae
spotify:track:4k3lPl8YTKuY8c1HelVnm3,39eb585b1675462e87bddfacf8024c73,2026-09-29T19:11:41Z,1,,3676f81e74d642ce96d7ce45249737ae
spotify:track:6UelLqGlWMcVH1E5c4H7lY,39eb585b1675462e87bddfacf8024c73,2026-09-29T19:11:41Z,1,,3676f81e74d642ce96d7ce45249737ae
spotify:track:7DSAEUvxU8FajXtRloy8M0,39eb585b1675462e87bddfacf8024c73,2026-09-29T19:11:41Z,1,,3676f81e74d642ce96d7ce45249737ae
spotify:track:0KQx6HOpJueiSkztcS0r7D,833da065c575491d9e6dc592364c6eac,2026-09-30T03:01:05Z,1,,3676f81e74d642ce96d7ce45249737ae
spotify:track:1c8gk2PeTE04A1pIDH9YMk,833da065c575491d9e6dc592364c6eac,2026-09-30T03:01:05Z,2,,3676f81e74d642ce96d7ce45249737ae
spotify:track:4SDWMFvYJKtK1QPhIOeZhd,833da065c575491d9e6dc592364c6eac,2026-09-30T03:01:05Z,1,,3676f81e74d642ce96d7ce45249737ae
spotify:track:5By7Pzgl6TMuVJG168VWzS,833da065c575491d9e6dc592364c6eac,2026-09-30T03:01:05Z,1,,3676f81e74d642ce96d7ce45249737ae
spotify:track:7DSAEUvxU8FajXtRloy8M0,833da065c575491d9e6dc592364c6eac,2026-09-30T03:01:05Z,1,,3676f81e74d642ce96d7ce45249737ae
spotify:track:1j8z4TTjJ1YOdoFEDwJTQa,5d65669cbe4a4fcaadb47fb3ebbf2155,2026-09-30T14:12:07Z,1,,3676f81e74d642ce96d7ce45249737ae
spotify:track:1L5tZi0izXsi5Kk5OJf4W0,5d65669cbe4a4fcaadb47fb3ebbf2155,2026-09-30T14:12:07Z,1,,3676f81e74d642ce96d7ce45249737ae
spotify:track:2goLsvvODILDzeeiT4dAoR,5d65669cbe4a4fcaadb47fb3ebbf2155,2026-09-30T14:12:07Z,1,,3676f81e74d642ce96d7ce45249737ae
spotify:track:3SKH53SPQbEnZR4cJPVaz2,5d65669cbe4a4fcaadb47fb3ebbf2155,2026-09-30T14:12:07Z,1,,3676f81e74d642ce96d7ce45249737ae
spotify:track:5FPnjikbwlDMULCCCa6ZCJ,5d65669cbe4a4fcaadb47fb3ebbf2155,2026-09-30T14:12:07Z,1,,3676f81e74d642ce96d7ce45249737ae
spotify:track:6wf7Yu7cxBSPrRlWeSeK0Q,5d65669cbe4a4fcaadb47fb3ebbf2155,2026-09-30T14:12:07Z,1,I’ve recently started listening to Billie more and her voice is just so angelic. A point for that alone!,3676f81e74d642ce96d7ce45249737ae
spotify:track:0KKkJNfGyhkQ5aFogxQAPU,8fc1dc71014e405da1c76d2fc096a6d6,2026-09-30T14:29:15Z,1,,3676f81e74d642ce96d7ce45249737ae
spotify:track:1j8z4TTjJ1YOdoFEDwJTQa,8fc1dc71014e405da1c76d2fc096a6d6,2026-09-30T14:29:15Z,1,,3676f81e74d642ce96d7ce45249737ae
spotify:track:3TW48DvQ7ChwY1Yy1tkMaP,8fc1dc71014e405da1c76d2fc096a6d6,2026-09-30T14:29:15Z,1,"Classic, take a point",3676f81e74d642ce96d7ce45249737ae
spotify:track:3Y1EvIgEVw51XtgNEgpz5c,8fc1dc71014e405da1c76d2fc096a6d6,2026-09-30T14:29:15Z,2,"Favorite track this week, hadn't heard it, top points from me",3676f81e74d642ce96d7ce45249737ae
spotify:track:7DSAEUvxU8FajXtRloy8M0,8fc1dc71014e405da1c76d2fc096a6d6,2026-09-30T14:29:15Z,1,,3676f81e74d642ce96d7ce45249737ae
spotify:track:0KQx6HOpJueiSkztcS0r7D,d7fc034cdd4f4f00adfeb0cfe0718e55,2026-09-30T19:27:00Z,2,,3676f81e74d642ce96d7ce45249737ae
spotify:track:1L5tZi0izXsi5Kk5OJf4W0,d7fc034cdd4f4f00adfeb0cfe0718e55,2026-09-30T19:27:00Z,1,,3676f81e74d642ce96d7ce45249737ae
spotify:track:4pryE6cN2gFL1FVF5fYINl,d7fc034cdd4f4f00adfeb0cfe0718e55,2026-09-30T19:27:00Z,1,,3676f81e74d642ce96d7ce45249737ae
spotify:track:6UelLqGlWMcVH1E5c4H7lY,d7fc034cdd4f4f00adfeb0cfe0718e55,2026-09-30T19:27:00Z,1,,3676f81e74d642ce96d7ce45249737ae
spotify:track:7DSAEUvxU8FajXtRloy8M0,d7fc034cdd4f4f00adfeb0cfe0718e55,2026-09-30T19:27:00Z,1,,3676f81e74d642ce96d7ce45249737ae
spotify:track:0b9oOr2ZgvyQu88wzixux9,ed4fd10ef61340839f0872b7cc1f2d90,2026-09-30T21:03:14Z,1,,3676f81e74d642ce96d7ce45249737ae
spotify:track:0KKkJNfGyhkQ5aFogxQAPU,ed4fd10ef61340839f0872b7cc1f2d90,2026-09-30T21:03:14Z,1,,3676f81e74d642ce96d7ce45249737ae
spotify:track:1L5tZi0izXsi5Kk5OJf4W0,ed4fd10ef61340839f0872b7cc1f2d90,2026-09-30T21:03:14Z,1,,3676f81e74d642ce96d7ce45249737ae
spotify:track:34gCuhDGsG4bRPIf9bb02f,ed4fd10ef61340839f0872b7cc1f2d90,2026-09-30T21:03:14Z,1,,3676f81e74d642ce96d7ce45249737ae
spotify:track:3YKptz29AsOlm7WAVnztBh,ed4fd10ef61340839f0872b7cc1f2d90,2026-09-30T21:03:14Z,1,,3676f81e74d642ce96d7ce45249737ae
spotify:track:4SDWMFvYJKtK1QPhIOeZhd,ed4fd10ef61340839f0872b7cc1f2d90,2026-09-30T21:03:14Z,1,,3676f81e74d642ce96d7ce45249737ae
spotify:track:34gCuhDGsG4bRPIf9bb02f,b878145dc8d14e9aa4e69fe6c7d3aa04,2026-09-30T21:21:06Z,1,,3676f81e74d642ce96d7ce45249737ae
spotify:track:3SKH53SPQbEnZR4cJPVaz2,b878145dc8d14e9aa4e69fe6c7d3aa04,2026-09-30T21:21:06Z,1,,3676f81e74d642ce96d7ce45249737ae
spotify:track:4k3lPl8YTKuY8c1HelVnm3,b878145dc8d14e9aa4e69fe6c7d3aa04,2026-09-30T21:21:06Z,2,,3676f81e74d642ce96d7ce45249737ae
spotify:track:5FPnjikbwlDMULCCCa6ZCJ,b878145dc8d14e9aa4e69fe6c7d3aa04,2026-09-30T21:21:06Z,1,,3676f81e74d642ce96d7ce45249737ae
spotify:track:5VGlqQANWDKJFl0MBG3sg2,b878145dc8d14e9aa4e69fe6c7d3aa04,2026-09-30T21:21:06Z,1,,3676f81e74d642ce96d7ce45249737ae
spotify:track:0KQx6HOpJueiSkztcS0r7D,78f2c8efbf7248d285c45d9cbe080197,2026-09-30T22:28:23Z,1,,3676f81e74d642ce96d7ce45249737ae
spotify:track:30VHURM5NOfoZmqp2iKawS,78f2c8efbf7248d285c45d9cbe080197,2026-09-30T22:28:23Z,1,,3676f81e74d642ce96d7ce45249737ae
spotify:track:35KiiILklye1JRRctaLUb4,78f2c8efbf7248d285c45d9cbe080197,2026-09-30T22:28:23Z,1,,3676f81e74d642ce96d7ce45249737ae
spotify:track:6LCEyZZHFF4ebF1Mike1s5,78f2c8efbf7248d285c45d9cbe080197,2026-09-30T22:28:23Z,1,,3676f81e74d642ce96d7ce45249737ae
spotify:track:7DSAEUvxU8FajXtRloy8M0,78f2c8efbf7248d285c45d9cbe080197,2026-09-30T22:28:23Z,1,,3676f81e74d642ce96d7ce45249737ae
spotify:track:7FwBtcecmlpc1sLySPXeGE,78f2c8efbf7248d285c45d9cbe080197,2026-09-30T22:28:23Z,1,,3676f81e74d642ce96d7ce45249737ae
spotify:track:0KQx6HOpJueiSkztcS0r7D,28f76d43a10844d7976d955087af964e,2026-10-01T01:20:29Z,1,,3676f81e74d642ce96d7ce45249737ae
spotify:track:1c8gk2PeTE04A1pIDH9YMk,28f76d43a10844d7976d955087af964e,2026-10-01T01:20:29Z,1,,3676f81e74d642ce96d7ce45249737ae
spotify:track:1L5tZi0izXsi5Kk5OJf4W0,28f76d43a10844d7976d955087af964e,2026-10-01T01:20:29Z,1,,3676f81e74d642ce96d7ce45249737ae
spotify:track:3BovdzfaX4jb5KFQwoPfAw,28f76d43a10844d7976d955087af964e,2026-10-01T01:20:29Z,1,,3676f81e74d642ce96d7ce45249737ae
spotify:track:6wf7Yu7cxBSPrRlWeSeK0Q,28f76d43a10844d7976d955087af964e,2026-10-01T01:20:29Z,1,,3676f81e74d642ce96d7ce45249737ae
spotify:track:7a86XRg84qjasly9f6bPSD,28f76d43a10844d7976d955087af964e,2026-10-01T01:20:29Z,1,,3676f81e74d642ce96d7ce45249737ae
spotify:track:0KKkJNfGyhkQ5aFogxQAPU,383a348e97c84dfbbc3169ca98067699,2026-10-01T01:22:25Z,1,,3676f81e74d642ce96d7ce45249737ae
spotify:track:32OlwWuMpZ6b0aN2RZOeMS,383a348e97c84dfbbc3169ca98067699,2026-10-01T01:22:25Z,1,,3676f81e74d642ce96d7ce45249737ae
spotify:track:34gCuhDGsG4bRPIf9bb02f,383a348e97c84dfbbc3169ca98067699,2026-10-01T01:22:25Z,1,,3676f81e74d642ce96d7ce45249737ae
spotify:track:3TW48DvQ7ChwY1Yy1tkMaP,383a348e97c84dfbbc3169ca98067699,2026-10-01T01:22:25Z,1,I'd forgotten how much I love this song! ,3676f81e74d642ce96d7ce45249737ae
spotify:track:4pryE6cN2gFL1FVF5fYINl,383a348e97c84dfbbc3169ca98067699,2026-10-01T01:22:25Z,1,,3676f81e74d642ce96d7ce45249737ae
spotify:track:5FPnjikbwlDMULCCCa6ZCJ,383a348e97c84dfbbc3169ca98067699,2026-10-01T01:22:25Z,1,,3676f81e74d642ce96d7ce45249737ae
spotify:track:0KKkJNfGyhkQ5aFogxQAPU,f1623ebc5b244ed2950c5cc6376f7ad3,2026-10-01T04:02:30Z,1,,3676f81e74d642ce96d7ce45249737ae
spotify:track:1c8gk2PeTE04A1pIDH9YMk,f1623ebc5b244ed2950c5cc6376f7ad3,2026-10-01T04:02:30Z,1,,3676f81e74d642ce96d7ce45249737ae
spotify:track:1j8z4TTjJ1YOdoFEDwJTQa,f1623ebc5b244ed2950c5cc6376f7ad3,2026-10-01T04:02:30Z,1,,3676f81e74d642ce96d7ce45249737ae
spotify:track:3BovdzfaX4jb5KFQwoPfAw,f1623ebc5b244ed2950c5cc6376f7ad3,2026-10-01T04:02:30Z,1,,3676f81e74d642ce96d7ce45249737ae
spotify:track:4k3lPl8YTKuY8c1HelVnm3,f1623ebc5b244ed2950c5cc6376f7ad3,2026-10-01T04:02:30Z,1,,3676f81e74d642ce96d7ce45249737ae
spotify:track:7wd9kz7UXhJr8pgdqpzKu5,f1623ebc5b244ed2950c5cc6376f7ad3,2026-10-01T04:02:30Z,1,,3676f81e74d642ce96d7ce45249737ae
spotify:track:0odIT9B9BvOCnXfS0e4lB5,3fca1344c8ea4df3aef395c9a840f591,2026-10-01T13:09:06Z,1,,3676f81e74d642ce96d7ce45249737ae
spotify:track:33LC84JgLvK2KuW43MfaNq,3fca1344c8ea4df3aef395c9a840f591,2026-10-01T13:09:06Z,1,,3676f81e74d642ce96d7ce45249737ae
spotify:track:3SKH53SPQbEnZR4cJPVaz2,3fca1344c8ea4df3aef395c9a840f591,2026-10-01T13:09:06Z,1,,3676f81e74d642ce96d7ce45249737ae
spotify:track:4mOxpj82q6n3EO7HBZCelX,3fca1344c8ea4df3aef395c9a840f591,2026-10-01T13:09:06Z,1,,3676f81e74d642ce96d7ce45249737ae
spotify:track:6LCEyZZHFF4ebF1Mike1s5,3fca1344c8ea4df3aef395c9a840f591,2026-10-01T13:09:06Z,1,,3676f81e74d642ce96d7ce45249737ae
spotify:track:6wf7Yu7cxBSPrRlWeSeK0Q,3fca1344c8ea4df3aef395c9a840f591,2026-10-01T13:09:06Z,1,,3676f81e74d642ce96d7ce45249737ae
spotify:track:1c8gk2PeTE04A1pIDH9YMk,708285d89baf4ff094731436003a4bf2,2026-10-01T13:51:37Z,1,,3676f81e74d642ce96d7ce45249737ae
spotify:track:1j8z4TTjJ1YOdoFEDwJTQa,708285d89baf4ff094731436003a4bf2,2026-10-01T13:51:37Z,1,,3676f81e74d642ce96d7ce45249737ae
spotify:track:3SKH53SPQbEnZR4cJPVaz2,708285d89baf4ff094731436003a4bf2,2026-10-01T13:51:37Z,1,,3676f81e74d642ce96d7ce45249737ae
spotify:track:51KKQAgYFoJHgVIuJWHdHb,708285d89baf4ff094731436003a4bf2,2026-10-01T13:51:37Z,1,,3676f81e74d642ce96d7ce45249737ae
spotify:track:6wf7Yu7cxBSPrRlWeSeK0Q,708285d89baf4ff094731436003a4bf2,2026-10-01T13:51:37Z,1,,3676f81e74d642ce96d7ce45249737ae
spotify:track:7FwBtcecmlpc1sLySPXeGE,708285d89baf4ff094731436003a4bf2,2026-10-01T13:51:37Z,1,,3676f81e74d642ce96d7ce45249737ae
spotify:track:0odIT9B9BvOCnXfS0e4lB5,21e63470f218499f8140c964da24800a,2026-10-01T16:36:43Z,0,"I got Greta ""Garbo"" on a NYT crossword puzzle clue thanks to this song. ",3676f81e74d642ce96d7ce45249737ae
spotify:track:1L5tZi0izXsi5Kk5OJf4W0,21e63470f218499f8140c964da24800a,2026-10-01T16:36:43Z,0,all time great but sadly just out of my top 3 this week.,3676f81e74d642ce96d7ce45249737ae
spotify:track:4mOxpj82q6n3EO7HBZCelX,21e63470f218499f8140c964da24800a,2026-10-01T16:36:43Z,3,My favorite song of the week +3 points!,3676f81e74d642ce96d7ce45249737ae
spotify:track:4ZExvJvQXPEeYzGU0N3THi,21e63470f218499f8140c964da24800a,2026-10-01T16:36:43Z,2,Objectively a great hit. Will hold up for the long run.,3676f81e74d642ce96d7ce45249737ae
spotify:track:51KKQAgYFoJHgVIuJWHdHb,21e63470f218499f8140c964da24800a,2026-10-01T16:36:43Z,1,My nostalgia point of the week. I showed Harley this song on YouTube and we watched it hundreds of times.,3676f81e74d642ce96d7ce45249737ae
spotify:track:0KKkJNfGyhkQ5aFogxQAPU,7febabde978e4b25b33f1b3c4ce070a4,2026-10-01T17:14:42Z,1,,3676f81e74d642ce96d7ce45249737ae
spotify:track:1c8gk2PeTE04A1pIDH9YMk,7febabde978e4b25b33f1b3c4ce070a4,2026-10-01T17:14:42Z,1,,3676f81e74d642ce96d7ce45249737ae
spotify:track:1L5tZi0izXsi5Kk5OJf4W0,7febabde978e4b25b33f1b3c4ce070a4,2026-10-01T17:14:42Z,1,,3676f81e74d642ce96d7ce45249737ae
spotify:track:3BovdzfaX4jb5KFQwoPfAw,7febabde978e4b25b33f1b3c4ce070a4,2026-10-01T17:14:42Z,1,,3676f81e74d642ce96d7ce45249737ae
spotify:track:5By7Pzgl6TMuVJG168VWzS,7febabde978e4b25b33f1b3c4ce070a4,2026-10-01T17:14:42Z,1,,3676f81e74d642ce96d7ce45249737ae
spotify:track:7wd9kz7UXhJr8pgdqpzKu5,7febabde978e4b25b33f1b3c4ce070a4,2026-10-01T17:14:42Z,1,,3676f81e74d642ce96d7ce45249737ae
spotify:track:1c8gk2PeTE04A1pIDH9YMk,dc613e44e9b3492b86d9353ee09ecec1,2026-10-01T17:17:57Z,1,,3676f81e74d642ce96d7ce45249737ae
spotify:track:1VuBmEauSZywQVtqbxNqka,dc613e44e9b3492b86d9353ee09ecec1,2026-10-01T17:17:57Z,1,,3676f81e74d642ce96d7ce45249737ae
spotify:track:34gCuhDGsG4bRPIf9bb02f,dc613e44e9b3492b86d9353ee09ecec1,2026-10-01T17:17:57Z,1,,3676f81e74d642ce96d7ce45249737ae
spotify:track:51KKQAgYFoJHgVIuJWHdHb,dc613e44e9b3492b86d9353ee09ecec1,2026-10-01T17:17:57Z,1,,3676f81e74d642ce96d7ce45249737ae
spotify:track:7DSAEUvxU8FajXtRloy8M0,dc613e44e9b3492b86d9353ee09ecec1,2026-10-01T17:17:57Z,1,,3676f81e74d642ce96d7ce45249737ae
spotify:track:7wd9kz7UXhJr8pgdqpzKu5,dc613e44e9b3492b86d9353ee09ecec1,2026-10-01T17:17:57Z,1,,3676f81e74d642ce96d7ce45249737ae
spotify:track:0b9oOr2ZgvyQu88wzixux9,d48ed6f1619c4de099fff6b4158b3da7,2026-10-01T18:00:31Z,1,,3676f81e74d642ce96d7ce45249737ae
spotify:track:30VHURM5NOfoZmqp2iKawS,d48ed6f1619c4de099fff6b4158b3da7,2026-10-01T18:00:31Z,1,,3676f81e74d642ce96d7ce45249737ae
spotify:track:35KiiILklye1JRRctaLUb4,d48ed6f1619c4de099fff6b4158b3da7,2026-10-01T18:00:31Z,1,,3676f81e74d642ce96d7ce45249737ae
spotify:track:4mOxpj82q6n3EO7HBZCelX,d48ed6f1619c4de099fff6b4158b3da7,2026-10-01T18:00:31Z,1,this was my second choice to submit! So good ,3676f81e74d642ce96d7ce45249737ae
spotify:track:4ZExvJvQXPEeYzGU0N3THi,d48ed6f1619c4de099fff6b4158b3da7,2026-10-01T18:00:31Z,1,,3676f81e74d642ce96d7ce45249737ae
spotify:track:7FwBtcecmlpc1sLySPXeGE,d48ed6f1619c4de099fff6b4158b3da7,2026-10-01T18:00:31Z,1,,3676f81e74d642ce96d7ce45249737ae
spotify:track:0b9oOr2ZgvyQu88wzixux9,4a69a38876594685ae6a6bb6b92e6b83,2026-10-01T19:02:18Z,1,,3676f81e74d642ce96d7ce45249737ae
spotify:track:0KQx6HOpJueiSkztcS0r7D,4a69a38876594685ae6a6bb6b92e6b83,2026-10-01T19:02:18Z,1,,3676f81e74d642ce96d7ce45249737ae
spotify:track:1c8gk2PeTE04A1pIDH9YMk,4a69a38876594685ae6a6bb6b92e6b83,2026-10-01T19:02:18Z,1,,3676f81e74d642ce96d7ce45249737ae
spotify:track:1j8z4TTjJ1YOdoFEDwJTQa,4a69a38876594685ae6a6bb6b92e6b83,2026-10-01T19:02:18Z,1,,3676f81e74d642ce96d7ce45249737ae
spotify:track:1L5tZi0izXsi5Kk5OJf4W0,4a69a38876594685ae6a6bb6b92e6b83,2026-10-01T19:02:18Z,1,,3676f81e74d642ce96d7ce45249737ae
spotify:track:3BovdzfaX4jb5KFQwoPfAw,4a69a38876594685ae6a6bb6b92e6b83,2026-10-01T19:02:18Z,1,,3676f81e74d642ce96d7ce45249737ae
spotify:track:0KKkJNfGyhkQ5aFogxQAPU,8a2a836dc2854be1854b7897949c9d3a,2026-10-01T19:07:26Z,1,,3676f81e74d642ce96d7ce45249737ae
spotify:track:0odIT9B9BvOCnXfS0e4lB5,8a2a836dc2854be1854b7897949c9d3a,2026-10-01T19:07:26Z,2,,3676f81e74d642ce96d7ce45249737ae
spotify:track:32OlwWuMpZ6b0aN2RZOeMS,8a2a836dc2854be1854b7897949c9d3a,2026-10-01T19:07:26Z,1,,3676f81e74d642ce96d7ce45249737ae
spotify:track:3Y1EvIgEVw51XtgNEgpz5c,8a2a836dc2854be1854b7897949c9d3a,2026-10-01T19:07:26Z,1,,3676f81e74d642ce96d7ce45249737ae
spotify:track:51KKQAgYFoJHgVIuJWHdHb,8a2a836dc2854be1854b7897949c9d3a,2026-10-01T19:07:26Z,1,,3676f81e74d642ce96d7ce45249737ae
spotify:track:1c8gk2PeTE04A1pIDH9YMk,9840733ed9ef4860b47a10d9a2e8f38d,2026-10-02T00:10:08Z,1,,3676f81e74d642ce96d7ce45249737ae
spotify:track:30VHURM5NOfoZmqp2iKawS,9840733ed9ef4860b47a10d9a2e8f38d,2026-10-02T00:10:08Z,3,,3676f81e74d642ce96d7ce45249737ae
spotify:track:3TW48DvQ7ChwY1Yy1tkMaP,9840733ed9ef4860b47a10d9a2e8f38d,2026-10-02T00:10:08Z,1,,3676f81e74d642ce96d7ce45249737ae
spotify:track:5VGlqQANWDKJFl0MBG3sg2,9840733ed9ef4860b47a10d9a2e8f38d,2026-10-02T00:10:08Z,1,,3676f81e74d642ce96d7ce45249737ae
spotify:track:1L5tZi0izXsi5Kk5OJf4W0,0289893897004e4d99e122238538bba6,2026-10-02T14:15:35Z,1,,3676f81e74d642ce96d7ce45249737ae
spotify:track:33LC84JgLvK2KuW43MfaNq,0289893897004e4d99e122238538bba6,2026-10-02T14:15:35Z,1,,3676f81e74d642ce96d7ce45249737ae
spotify:track:4ZExvJvQXPEeYzGU0N3THi,0289893897004e4d99e122238538bba6,2026-10-02T14:15:35Z,1,,3676f81e74d642ce96d7ce45249737ae
spotify:track:5VGlqQANWDKJFl0MBG3sg2,0289893897004e4d99e122238538bba6,2026-10-02T14:15:35Z,1,,3676f81e74d642ce96d7ce45249737ae
spotify:track:6wf7Yu7cxBSPrRlWeSeK0Q,0289893897004e4d99e122238538bba6,2026-10-02T14:15:35Z,1,,3676f81e74d642ce96d7ce45249737ae
spotify:track:7DSAEUvxU8FajXtRloy8M0,0289893897004e4d99e122238538bba6,2026-10-02T14:15:35Z,1,,3676f81e74d642ce96d7ce45249737ae
spotify:track:09DR0sHnQUhHOiSNttc1mv,469a0a5e68c04d23adeff628e9d0ded9,2026-10-02T14:16:40Z,1,,3676f81e74d642ce96d7ce45249737ae
spotify:track:1j8z4TTjJ1YOdoFEDwJTQa,469a0a5e68c04d23adeff628e9d0ded9,2026-10-02T14:16:40Z,1,,3676f81e74d642ce96d7ce45249737ae
spotify:track:1VuBmEauSZywQVtqbxNqka,469a0a5e68c04d23adeff628e9d0ded9,2026-10-02T14:16:40Z,1,,3676f81e74d642ce96d7ce45249737ae
spotify:track:3SKH53SPQbEnZR4cJPVaz2,469a0a5e68c04d23adeff628e9d0ded9,2026-10-02T14:16:40Z,1,,3676f81e74d642ce96d7ce45249737ae
spotify:track:5FPnjikbwlDMULCCCa6ZCJ,469a0a5e68c04d23adeff628e9d0ded9,2026-10-02T14:16:40Z,1,,3676f81e74d642ce96d7ce45249737ae
spotify:track:5VGlqQANWDKJFl0MBG3sg2,469a0a5e68c04d23adeff628e9d0ded9,2026-10-02T14:16:40Z,1,,3676f81e74d642ce96d7ce45249737ae
spotify:track:1c8gk2PeTE04A1pIDH9YMk,bc244a1ae5864415b445995616a1f8bd,2026-10-02T14:21:01Z,1,,3676f81e74d642ce96d7ce45249737ae
spotify:track:1L5tZi0izXsi5Kk5OJf4W0,bc244a1ae5864415b445995616a1f8bd,2026-10-02T14:21:01Z,1,,3676f81e74d642ce96d7ce45249737ae
spotify:track:1qhp5owrFGeZ5Jgin28nwR,bc244a1ae5864415b445995616a1f8bd,2026-10-02T14:21:01Z,1,,3676f81e74d642ce96d7ce45249737ae
spotify:track:1VuBmEauSZywQVtqbxNqka,bc244a1ae5864415b445995616a1f8bd,2026-10-02T14:21:01Z,1,,3676f81e74d642ce96d7ce45249737ae
spotify:track:33LC84JgLvK2KuW43MfaNq,bc244a1ae5864415b445995616a1f8bd,2026-10-02T14:21:01Z,1,,3676f81e74d642ce96d7ce45249737ae
spotify:track:3BovdzfaX4jb5KFQwoPfAw,bc244a1ae5864415b445995616a1f8bd,2026-10-02T14:21:01Z,1,,3676f81e74d642ce96d7ce45249737ae
spotify:track:09DR0sHnQUhHOiSNttc1mv,484868107474404f8cf31198a88d4538,2026-10-02T15:30:13Z,1,"i see the boys, i upvote",3676f81e74d642ce96d7ce45249737ae
spotify:track:0b9oOr2ZgvyQu88wzixux9,484868107474404f8cf31198a88d4538,2026-10-02T15:30:13Z,1,donglover upvote simply because i'm on a community kick right now,3676f81e74d642ce96d7ce45249737ae
spotify:track:1c8gk2PeTE04A1pIDH9YMk,484868107474404f8cf31198a88d4538,2026-10-02T15:30:13Z,1,this song holds a special place in my heart after hearing Avicii drop a remix right after Levels,3676f81e74d642ce96d7ce45249737ae
spotify:track:5FPnjikbwlDMULCCCa6ZCJ,484868107474404f8cf31198a88d4538,2026-10-02T15:30:13Z,1,"Marina is that you? ..anyway, John gets an upvote",3676f81e74d642ce96d7ce45249737ae
spotify:track:5VGlqQANWDKJFl0MBG3sg2,484868107474404f8cf31198a88d4538,2026-10-02T15:30:13Z,1,,3676f81e74d642ce96d7ce45249737ae
spotify:track:7FwBtcecmlpc1sLySPXeGE,484868107474404f8cf31198a88d4538,2026-10-02T15:30:13Z,1,brilliant song with so many great covers too,3676f81e74d642ce96d7ce45249737ae
spotify:track:1j8z4TTjJ1YOdoFEDwJTQa,34fdbc2aafb2460e9901991a50295d63,2026-10-02T15:37:40Z,1,,3676f81e74d642ce96d7ce45249737ae
spotify:track:1VuBmEauSZywQVtqbxNqka,34fdbc2aafb2460e9901991a50295d63,2026-10-02T15:37:40Z,1,,3676f81e74d642ce96d7ce45249737ae
spotify:track:34gCuhDGsG4bRPIf9bb02f,34fdbc2aafb2460e9901991a50295d63,2026-10-02T15:37:40Z,1,,3676f81e74d642ce96d7ce45249737ae
spotify:track:4k3lPl8YTKuY8c1HelVnm3,34fdbc2aafb2460e9901991a50295d63,2026-10-02T15:37:40Z,1,,3676f81e74d642ce96d7ce45249737ae
spotify:track:6wf7Yu7cxBSPrRlWeSeK0Q,34fdbc2aafb2460e9901991a50295d63,2026-10-02T15:37:40Z,1,,3676f81e74d642ce96d7ce45249737ae
spotify:track:7wd9kz7UXhJr8pgdqpzKu5,34fdbc2aafb2460e9901991a50295d63,2026-10-02T15:37:40Z,1,,3676f81e74d642ce96d7ce45249737ae
spotify:track:3SKH53SPQbEnZR4cJPVaz2,a8d1615e794348c3b4c3bb71da0ed65e,2026-10-02T16:34:17Z,1,,3676f81e74d642ce96d7ce45249737ae
spotify:track:4k3lPl8YTKuY8c1HelVnm3,a8d1615e794348c3b4c3bb71da0ed65e,2026-10-02T16:34:17Z,0,New one for me. Great listen. ,3676f81e74d642ce96d7ce45249737ae
spotify:track:4ZExvJvQXPEeYzGU0N3THi,a8d1615e794348c3b4c3bb71da0ed65e,2026-10-02T16:34:17Z,2,,3676f81e74d642ce96d7ce45249737ae
spotify:track:6wf7Yu7cxBSPrRlWeSeK0Q,a8d1615e794348c3b4c3bb71da0ed65e,2026-10-02T16:34:17Z,3,,3676f81e74d642ce96d7ce45249737ae
spotify:track:1j8z4TTjJ1YOdoFEDwJTQa,ce3c42e513a049bbb5fe55cfa5b73111,2026-10-02T18:16:54Z,1,,3676f81e74d642ce96d7ce45249737ae
spotify:track:1L5tZi0izXsi5Kk5OJf4W0,ce3c42e513a049bbb5fe55cfa5b73111,2026-10-02T18:16:54Z,1,,3676f81e74d642ce96d7ce45249737ae
spotify:track:2goLsvvODILDzeeiT4dAoR,ce3c42e513a049bbb5fe55cfa5b73111,2026-10-02T18:16:54Z,1,,3676f81e74d642ce96d7ce45249737ae
spotify:track:3SKH53SPQbEnZR4cJPVaz2,ce3c42e513a049bbb5fe55cfa5b73111,2026-10-02T18:16:54Z,1,,3676f81e74d642ce96d7ce45249737ae
spotify:track:5VGlqQANWDKJFl0MBG3sg2,ce3c42e513a049bbb5fe55cfa5b73111,2026-10-02T18:16:54Z,1,,3676f81e74d642ce96d7ce45249737ae
spotify:track:7DSAEUvxU8FajXtRloy8M0,ce3c42e513a049bbb5fe55cfa5b73111,2026-10-02T18:16:54Z,1,,3676f81e74d642ce96d7ce45249737ae
